energy_ev,abacus_si_si_minus_cohp,lobster_si_si_minus_pcohp,lobster_scaled_minus_pcohp
-12.020030,2.4449569628e-03,-0.0000000000e+00,-0.0000000000e+00
-11.970030,3.6334578769e-03,4.7424121406e-03,1.7663442157e-04
-11.920030,5.2964038901e-03,1.0371980831e-02,3.8631160268e-04
-11.870030,7.4049839683e-03,1.8190870433e-02,6.7753155602e-04
-11.820030,9.8506283444e-03,2.8223710064e-02,1.0512116100e-03
-11.770030,1.2445654147e-02,4.0449628594e-02,1.5065744051e-03
-11.720030,1.4946825483e-02,5.4865659812e-02,2.0435094627e-03
-11.670030,1.7097674714e-02,7.1496821086e-02,2.6629485719e-03
-11.620030,1.8676548562e-02,9.0321182109e-02,3.3640749232e-03
-11.570030,1.9534472498e-02,1.1134421841e-01,4.1470924565e-03
-11.520030,1.9612161123e-02,1.3456400359e-01,5.0119294222e-03
-11.470030,1.8935668545e-02,1.5998664137e-01,5.9588131569e-03
-11.420030,1.7598822904e-02,1.8760679577e-01,6.9875449184e-03
-11.370030,1.5742683348e-02,2.1743476038e-01,8.0985080992e-03
-11.320030,1.3537820786e-02,2.4944974246e-01,9.2909282588e-03
-11.270030,1.1168923219e-02,2.8145978035e-01,1.0483164269e-02
-11.220030,8.8183207367e-03,2.8320423922e-01,1.0548137846e-02
-11.170030,6.6472344802e-03,2.7683653623e-01,1.0310968342e-02
-11.120030,4.7782298955e-03,2.7399206869e-01,1.0205024181e-02
-11.070030,3.2851989739e-03,2.7499466454e-01,1.0242366557e-02
-11.020030,2.1957904321e-03,2.7983430026e-01,1.0422622138e-02
-10.970030,1.5064303174e-03,2.8838633586e-01,1.0741148621e-02
-10.920030,1.2047920026e-03,2.9880631390e-01,1.1129247913e-02
-10.870030,1.2913092378e-03,3.0956640846e-01,1.1530015080e-02
-10.820030,1.7910037318e-03,3.2059830671e-01,1.1940905764e-02
-10.770030,2.7492349441e-03,3.3188025559e-01,1.2361109756e-02
-10.720030,4.2094941494e-03,3.4340919744e-01,1.2790513173e-02
-10.670030,6.1776553093e-03,3.5519894968e-01,1.3229630652e-02
-10.620030,8.5840415497e-03,3.6724797125e-01,1.3678404797e-02
-10.570030,1.1259588917e-02,3.7954430026e-01,1.4136390080e-02
-10.520030,1.3941623443e-02,3.9209200479e-01,1.4603738017e-02
-10.470030,1.6316063353e-02,4.0489851438e-01,1.5080725328e-02
-10.420030,1.8088144268e-02,4.1796171691e-01,1.5567273345e-02
-10.370030,1.9059689056e-02,4.3127692292e-01,1.6063207406e-02
-10.320030,1.9185661429e-02,4.4485090455e-01,1.6568779744e-02
-10.270030,1.8590404333e-02,4.5867203035e-01,1.7083557137e-02
-10.220030,1.7540936647e-02,4.7275415335e-01,1.7608055553e-02
-10.170030,1.6391076340e-02,4.8708352965e-01,1.8141763087e-02
-10.120030,1.5516407546e-02,5.0167393970e-01,1.8685193005e-02
-10.070030,1.5253975569e-02,5.1651434505e-01,1.9237934171e-02
-10.020030,1.5849026976e-02,5.3161046516e-01,1.9800199610e-02
-9.970030,1.7405020375e-02,5.4924169329e-01,2.0456886901e-02
-9.920030,1.9838708133e-02,5.7854007588e-01,2.1548125433e-02
-9.870030,2.2855285245e-02,6.2235982232e-01,2.3180222209e-02
-9.820030,2.5967338558e-02,6.8087721845e-01,2.5359743118e-02
-9.770030,2.8574329052e-02,7.5409741613e-01,2.8086880044e-02
-9.720030,3.0095417283e-02,8.4198558195e-01,3.1360335592e-02
-9.670030,3.0119237323e-02,9.3656824281e-01,3.4883132239e-02
-9.620030,2.8517658476e-02,1.0056133546e+00,3.7454765203e-02
-9.570030,2.5478999915e-02,1.0387032621e+00,3.8687221704e-02
-9.520030,2.1447461963e-02,1.0351837320e+00,3.8556134370e-02
-9.470030,1.6993741519e-02,9.9504207468e-01,3.7061030567e-02
-9.420030,1.2667036426e-02,9.1830152326e-01,3.4202775630e-02
-9.370030,8.8793631240e-03,8.0493333067e-01,2.9980298855e-02
-9.320030,5.8521322478e-03,6.6059312700e-01,2.4604248097e-02
-9.270030,3.6258715705e-03,5.9607371531e-01,2.2201177966e-02
-9.220030,2.1117729072e-03,5.7715368211e-01,2.1496488238e-02
-9.170030,1.1562592729e-03,5.6172825080e-01,2.0921957375e-02
-9.120030,5.9564050135e-04,5.4597765822e-01,2.0335315656e-02
-9.070030,2.9006577042e-04,5.2990465655e-01,1.9736665588e-02
-9.020030,1.3709372708e-04,5.1351237220e-01,1.9126123615e-02
-8.970030,7.1371634710e-05,4.9679513476e-01,1.8503478540e-02
-8.920030,5.8019785777e-05,4.7975531550e-01,1.7868818681e-02
-8.870030,8.5342446121e-05,4.6239929128e-01,1.7222381550e-02
-8.820030,1.5960452708e-04,4.4472160543e-01,1.6563963909e-02
-8.770030,3.0215548618e-04,4.2671565895e-01,1.5893319973e-02
-8.720030,5.4759878206e-04,4.0839293671e-01,1.5210877506e-02
-8.670030,9.4100278986e-04,3.8973955272e-01,1.4516119312e-02
-8.620030,1.5322703042e-03,3.7077455471e-01,1.3809754839e-02
-8.570030,2.3666870196e-03,3.5148626472e-01,1.3091349132e-02
-8.520030,3.4721787997e-03,3.3186611821e-01,1.2360583200e-02
-8.470030,4.8454837068e-03,3.1193421725e-01,1.1618205757e-02
-8.420030,6.4406827142e-03,2.9167927530e-01,1.0863796429e-02
-8.370030,8.1638609608e-03,2.7109236821e-01,1.0097022830e-02
-8.320030,9.8769847851e-03,2.5019356430e-01,9.3186324177e-03
-8.270030,1.1412561926e-02,2.2897196846e-01,8.5282193968e-03
-8.220030,1.2598468865e-02,2.0742703674e-01,7.7257635076e-03
-8.170030,1.3289519207e-02,1.8555387780e-01,6.9110825680e-03
-8.120030,1.3399205123e-02,1.6336434418e-01,6.0846180350e-03
-8.070030,1.2922670125e-02,1.4085260583e-01,5.2461527637e-03
-8.020030,1.1942180906e-02,1.1802131190e-01,4.3957854238e-03
-7.970030,1.0610532718e-02,9.4866402476e-02,3.5333648007e-03
-7.920030,9.1153390423e-03,7.1387859425e-02,2.6588902194e-03
-7.870030,7.6349467265e-03,4.7727603834e-02,1.7776476288e-03
-7.820030,6.3006748813e-03,2.9571102016e-02,1.1013961556e-03
-7.770030,5.1776745775e-03,2.5321551518e-02,9.4311870691e-04
-7.720030,4.2688727230e-03,3.6721948493e-02,1.3677343805e-03
-7.670030,3.5371877747e-03,6.1962519968e-02,2.3078369297e-03
-7.620030,2.9351043373e-03,9.1393554313e-02,3.4040161680e-03
-7.570030,2.4302574278e-03,1.2056202635e-01,4.4904160915e-03
-7.520030,2.0200469116e-03,1.4897863219e-01,5.5488122381e-03
-7.470030,1.7342149076e-03,1.7665549720e-01,6.5796562259e-03
-7.420030,1.6283555229e-03,2.0358171691e-01,7.5825419098e-03
-7.370030,1.7719401499e-03,2.2976420128e-01,8.5577266564e-03
-7.320030,2.2326078734e-03,2.5519146965e-01,9.5047828607e-03
-7.270030,3.0567586618e-03,2.7987386704e-01,1.0424095830e-02
-7.220030,4.2472107131e-03,3.0380533347e-01,1.1315439856e-02
-7.170030,5.7421963510e-03,3.2699677516e-01,1.2179221148e-02
-7.120030,7.4041053404e-03,3.4943010980e-01,1.3014766219e-02
-7.070030,9.0275328271e-03,3.7112573083e-01,1.3822834636e-02
-7.020030,1.0371664449e-02,3.9315961661e-01,1.4643501958e-02
-6.970030,1.1212383333e-02,4.1871547015e-01,1.5595347406e-02
-6.920030,1.1399056386e-02,4.4887222843e-01,1.6718556734e-02
-6.870030,1.0895792025e-02,4.8372482228e-01,1.8016665708e-02
-6.820030,9.7910056198e-03,5.2328222999e-01,1.9490008728e-02
-6.770030,8.2712815718e-03,5.6754235623e-01,2.1138507755e-02
-6.720030,6.5698408602e-03,6.1649883387e-01,2.2961925639e-02
-6.670030,4.9091331776e-03,6.7015774406e-01,2.4960488877e-02
-6.620030,3.4569781795e-03,7.2852121006e-01,2.7134276552e-02
-6.570030,2.3074059913e-03,7.9157929527e-01,2.9482918567e-02
-6.520030,1.4860434339e-03,8.5934132987e-01,3.2006762432e-02
-6.470030,9.7120723166e-04,9.3180878994e-01,3.4705863124e-02
-6.420030,7.1884432123e-04,9.8712226991e-01,3.6766051959e-02
-6.370030,6.8171556571e-04,9.4531930911e-01,3.5209071759e-02
-6.320030,8.1824569668e-04,8.7397078275e-01,3.2551646527e-02
-6.270030,1.0915855837e-03,8.0402169295e-01,2.9946344278e-02
-6.220030,1.4629968873e-03,7.3811028754e-01,2.7491428377e-02
-6.170030,1.8850982266e-03,6.7625936102e-01,2.5187747823e-02
-6.120030,2.2998387277e-03,6.1846848872e-01,2.3035286797e-02
-6.070030,2.6436429777e-03,5.6472493411e-01,2.1033570919e-02
-6.020030,2.8587648411e-03,5.1503613419e-01,1.9182877185e-02
-5.970030,2.9067615445e-03,4.6941148732e-01,1.7483555643e-02
-5.920030,2.7785767390e-03,4.2782970847e-01,1.5934813518e-02
-5.870030,2.4968229061e-03,3.9030110224e-01,1.4537034612e-02
-5.820030,2.1090614805e-03,3.5683467159e-01,1.3290554247e-02
-5.770030,1.6746145780e-03,3.2742059505e-01,1.2195006613e-02
-5.720030,1.2498385348e-03,3.0206216653e-01,1.1250514397e-02
-5.670030,8.7679088621e-04,2.8075607506e-01,1.0456954278e-02
-5.620030,5.7813664916e-04,2.6350170927e-01,9.8143034853e-03
-5.570030,3.5829727476e-04,2.5030347444e-01,9.3227260970e-03
-5.520030,2.0869099264e-04,2.4115569774e-01,8.9820108244e-03
-5.470030,1.1420492098e-04,2.3515418930e-01,8.7584804897e-03
-5.420030,5.8633590990e-05,2.3011044728e-01,8.5706228285e-03
-5.370030,2.8017655549e-05,2.2522919744e-01,8.3888173008e-03
-5.320030,1.1905534390e-05,2.2044486821e-01,8.2106216480e-03
-5.270030,3.1600973299e-06,2.1575297664e-01,8.0358689001e-03
-5.220030,-2.9612684725e-06,2.1115799920e-01,7.8647257860e-03
-5.170030,-9.9046158125e-06,2.0665477436e-01,7.6970000609e-03
-5.120030,-2.0788064622e-05,2.0225733879e-01,7.5332145304e-03
-5.070030,-3.9104410282e-05,1.9794600639e-01,7.3726359720e-03
-5.020030,-6.9096368251e-05,1.9372955272e-01,7.2155912374e-03
-4.970030,-1.1576714757e-04,1.8961340587e-01,7.0622825001e-03
-4.920030,-1.8452395986e-04,1.8558885184e-01,6.9123852004e-03
-4.870030,-2.8053544130e-04,1.8166143570e-01,6.7661058690e-03
-4.820030,-4.0800095616e-04,1.7782667798e-01,6.6232776643e-03
-4.770030,-5.6960925855e-04,1.7408880192e-01,6.4840578840e-03
-4.720030,-7.6641113187e-04,1.7045042332e-01,6.3485439557e-03
-4.670030,-9.9809615248e-04,1.6690470553e-01,6.2164812432e-03
-4.620030,-1.2633197733e-03,1.6344832268e-01,6.0877458725e-03
-4.570030,-1.5594864092e-03,1.6008899760e-01,5.9626254855e-03
-4.520030,-1.8815156084e-03,1.5682983829e-01,5.8412358418e-03
-4.470030,-2.2197076349e-03,1.5366253195e-01,5.7232673255e-03
-4.420030,-2.5576574129e-03,1.5059224441e-01,5.6089123417e-03
-4.370030,-2.8717108767e-03,1.4761462567e-01,5.4980088716e-03
-4.320030,-3.1331874781e-03,1.4473384585e-01,5.3907122337e-03
-4.270030,-3.3134195599e-03,1.4195259585e-01,5.2871226530e-03
-4.220030,-3.3901488013e-03,1.3926401877e-01,5.1869847393e-03
-4.170030,-3.3529088383e-03,1.3666488019e-01,5.0901780247e-03
-4.120030,-3.2053638850e-03,1.3416304851e-01,4.9969955728e-03
-4.070030,-2.9640018391e-03,1.3176064297e-01,4.9075163161e-03
-4.020030,-2.6541871768e-03,1.2945045327e-01,4.8214717024e-03
-3.970030,-2.3053768873e-03,1.2670348573e-01,4.7191589953e-03
-3.920030,-1.9469572858e-03,1.3076741214e-01,4.8705227465e-03
-3.870030,-1.6051738808e-03,2.8110964856e-01,1.0470123368e-02
-3.820030,-1.3008565087e-03,6.7481597325e-01,2.5133987846e-02
-3.770030,-1.0475939416e-03,1.1051411941e+00,4.1161748450e-02
-3.720030,-8.5051436835e-04,1.3279742133e+00,4.9461318433e-02
-3.670030,-7.0628472346e-04,1.2793393651e+00,4.7649879863e-02
-3.620030,-6.0487324819e-04,9.5807212460e-01,3.5684059196e-02
-3.570030,-5.3301989634e-04,6.3738411342e-01,2.3739812327e-02
-3.520030,-4.7863448232e-04,5.3537662607e-01,1.9940472879e-02
-3.470030,-4.3495766160e-04,5.1103801518e-01,1.9033964476e-02
-3.420030,-4.0345995873e-04,4.9049194489e-01,1.8268711871e-02
-3.370030,-3.9493236042e-04,4.7316222400e-01,1.7623254426e-02
-3.320030,-4.2866120712e-04,4.5898325080e-01,1.7095148758e-02
-3.270030,-5.2972026724e-04,4.4796031949e-01,1.6684592055e-02
-3.220030,-7.2433334082e-04,4.4008410661e-01,1.6391237056e-02
-3.170030,-1.0333512199e-03,4.3536777756e-01,1.6215574117e-02
-3.120030,-1.4645412464e-03,4.3379977636e-01,1.6157172828e-02
-3.070030,-2.0055844142e-03,4.3538539429e-01,1.6216230265e-02
-3.020030,-2.6207532954e-03,4.4012345447e-01,1.6392702595e-02
-2.970030,-3.2541568486e-03,4.4801731883e-01,1.6686715035e-02
-2.920030,-3.8404774520e-03,4.5906415735e-01,1.7098162179e-02
-2.870030,-4.3206988448e-03,4.7255244409e-01,1.7600542751e-02
-2.820030,-4.6571249050e-03,4.8631345378e-01,1.8113081079e-02
-2.770030,-4.8411755652e-03,4.9921916933e-01,1.8593763384e-02
-2.720030,-4.8901650430e-03,5.1114271565e-01,1.9037864118e-02
-2.670030,-4.8345505070e-03,5.2208104412e-01,1.9445269730e-02
-2.620030,-4.7021473572e-03,5.3202666733e-01,1.9815701348e-02
-2.570030,-4.5075065748e-03,5.4098985024e-01,2.0149541297e-02
-2.520030,-4.2518460389e-03,5.4896828109e-01,2.0446703475e-02
-2.470030,-3.9331677323e-03,5.5596063498e-01,2.0707138534e-02
-2.420030,-3.5607978453e-03,5.6196663738e-01,2.0930836249e-02
-2.370030,-3.1664907582e-03,5.6698516470e-01,2.1117754771e-02
-2.320030,-2.8061993659e-03,5.7101738818e-01,2.1267937725e-02
-2.270030,-2.5510394757e-03,5.7406307708e-01,2.1381376515e-02
-2.220030,-2.4703038223e-03,5.7540790377e-01,2.1431465516e-02
-2.170030,-2.6118270765e-03,5.7552252396e-01,2.1435734624e-02
-2.120030,-2.9853509856e-03,5.7603290735e-01,2.1454744206e-02
-2.070030,-3.5536037244e-03,5.7752648233e-01,2.1510373440e-02
-2.020030,-4.2343118011e-03,5.8001018770e-01,2.1602880765e-02
-1.970030,-4.9143250536e-03,5.8347751597e-01,2.1732023806e-02
-1.920030,-5.4741531870e-03,5.8786137353e-01,2.1895303614e-02
-1.870030,-5.8177367829e-03,5.9218622604e-01,2.2056385738e-02
-1.820030,-5.8994210705e-03,5.9528656949e-01,2.2171860175e-02
-1.770030,-5.7394853374e-03,5.9680524656e-01,2.2228424353e-02
-1.720030,-5.4221016840e-03,5.9673938299e-01,2.2225971219e-02
-1.670030,-5.0746767232e-03,5.9508240367e-01,2.2164255878e-02
-1.620030,-4.8333560953e-03,5.9184378594e-01,2.2043631320e-02
-1.570030,-4.8039884017e-03,5.8701702875e-01,2.1863855408e-02
-1.520030,-5.0296787592e-03,5.8060929128e-01,2.1625194792e-02
-1.470030,-5.4747803693e-03,5.7261353235e-01,2.1327387219e-02
-1.420030,-6.0310235184e-03,5.6302886581e-01,2.0970399682e-02
-1.370030,-6.5452216771e-03,5.5186079257e-01,2.0554437066e-02
-1.320030,-6.8610881206e-03,5.3715802316e-01,2.0006822246e-02
-1.270030,-6.8624377145e-03,5.1179084265e-01,1.9062004056e-02
-1.220030,-6.5039097881e-03,4.7136458974e-01,1.7556300294e-02
-1.170030,-5.8195425953e-03,4.2048545327e-01,1.5661271652e-02
-1.120030,-4.9077784726e-03,3.6898259784e-01,1.3743012165e-02
-1.070030,-3.9001994391e-03,3.2125146337e-01,1.1965233035e-02
-1.020030,-2.9264476992e-03,2.7756041534e-01,1.0337929720e-02
-0.970030,-2.0872243126e-03,2.3791933706e-01,8.8614703314e-03
-0.920030,-1.4418954209e-03,2.0232694949e-01,7.5358072291e-03
-0.870030,-1.0102676570e-03,1.7076903954e-01,6.3604110371e-03
-0.820030,-7.8296428733e-04,1.4325820288e-01,5.3357508902e-03
-0.770030,-7.3339674705e-04,1.2025715911e-01,4.4790611002e-03
-0.720030,-8.2629011789e-04,1.0315715256e-01,3.8421595241e-03
-0.670030,-1.0213342229e-03,8.9513007188e-02,3.3339738891e-03
-0.620030,-1.2737622028e-03,7.7042182072e-02,2.8694893788e-03
-0.570030,-1.5351174487e-03,6.5509986022e-02,2.4399647575e-03
-0.520030,-1.7568061267e-03,5.4918927930e-02,2.0454934706e-03
-0.470030,-1.8968790862e-03,4.5258051118e-02,1.6856674291e-03
-0.420030,-1.9281046621e-03,3.6535686901e-02,1.3607969386e-03
-0.370030,-1.8440974313e-03,2.8748959872e-02,1.0707749026e-03
-0.320030,-1.6607872177e-03,2.1900944489e-02,8.1571583132e-04
-0.270030,-1.4125912299e-03,1.5987148562e-02,5.9545241013e-04
-0.220030,-1.1451650669e-03,1.1007009383e-02,4.0996368051e-04
-0.170030,-9.0818381170e-04,6.9634824281e-03,2.5935972125e-04
-0.120030,-7.5137679337e-04,3.8626238019e-03,1.4386609615e-04
-0.070030,-7.2506732476e-04,1.6969095628e-03,6.3202570802e-05
-0.020030,-8.8363094302e-04,4.6396565495e-04,1.7280721848e-05
0.029970,-1.2878483932e-03,4.8186900958e-05,1.7947544680e-06
0.079970,-2.0012973846e-03,0.0000000000e+00,0.0000000000e+00
0.129970,-3.0774942997e-03,0.0000000000e+00,0.0000000000e+00
0.179970,-4.5384849633e-03,0.0000000000e+00,0.0000000000e+00
0.229970,-6.3508456474e-03,0.0000000000e+00,0.0000000000e+00
0.279970,-8.4092118254e-03,0.0000000000e+00,0.0000000000e+00
0.329970,-1.0537696834e-02,0.0000000000e+00,0.0000000000e+00
0.379970,-1.2514384094e-02,0.0000000000e+00,0.0000000000e+00
0.429970,-1.4114921036e-02,0.0000000000e+00,0.0000000000e+00
0.479970,-1.5162569593e-02,0.0000000000e+00,0.0000000000e+00
0.529970,-1.5569028811e-02,0.0000000000e+00,0.0000000000e+00
0.579970,-1.5355240221e-02,0.0000000000e+00,0.0000000000e+00
0.629970,-1.4651524373e-02,0.0000000000e+00,0.0000000000e+00
0.679970,-1.3685373283e-02,-4.3250798722e-04,-1.6109059248e-05
0.729970,-1.2767077415e-02,-3.3263578275e-03,-1.2389249888e-04
0.779970,-1.2276683730e-02,-1.0367376722e-02,-3.8614011947e-04
0.829970,-1.2644814700e-02,-2.1873450479e-02,-8.1469179791e-04
0.879970,-1.4312097049e-02,-3.7840273562e-02,-1.4093871715e-03
0.929970,-1.7653918066e-02,-5.8260275504e-02,-2.1699442730e-03
0.979970,-2.2871183749e-02,-8.3147048722e-02,-3.0968693613e-03
1.029970,-2.9870005167e-02,-1.1249445288e-01,-4.1899337352e-03
1.079970,-3.8174468719e-02,-1.4629484927e-01,-5.4488528863e-03
1.129970,-4.6924423551e-02,-1.8361166933e-01,-6.8387436699e-03
1.179970,-5.4994298364e-02,-2.2150028754e-01,-8.2499314712e-03
1.229970,-6.1228304504e-02,-2.5792144939e-01,-9.6064628451e-03
1.279970,-6.4734917163e-02,-2.9263924920e-01,-1.0899551321e-02
1.329970,-6.5143520178e-02,-3.2565011182e-01,-1.2129063741e-02
1.379970,-6.2722729904e-02,-3.5694862448e-01,-1.3294798501e-02
1.429970,-5.8302408586e-02,-3.8653807708e-01,-1.4396878136e-02
1.479970,-5.3015551751e-02,-4.3894009385e-01,-1.6348627510e-02
1.529970,-4.7949448566e-02,-6.4499655021e-01,-2.4023342802e-02
1.579970,-4.3833278589e-02,-9.0339341853e-01,-3.3647512955e-02
1.629970,-4.0873619854e-02,-1.0424702955e+00,-3.8827527469e-02
1.679970,-3.8787809994e-02,-1.1057137233e+00,-4.1183072696e-02
1.729970,-3.7006225589e-02,-1.1469306150e+00,-4.2718224347e-02
1.779970,-3.4952893255e-02,-1.1728843302e+00,-4.3684888428e-02
1.829970,-3.2293618263e-02,-1.1835857029e+00,-4.4083468457e-02
1.879970,-2.9065812563e-02,-1.1790269649e+00,-4.3913675105e-02
1.929970,-2.5658277667e-02,-1.1592054043e+00,-4.3175407366e-02
1.979970,-2.2666152619e-02,-1.1241254373e+00,-4.1868829724e-02
2.029970,-2.0683556410e-02,-1.0737818810e+00,-3.9993749135e-02
2.079970,-2.0105192001e-02,-1.0044216271e+00,-3.7410378486e-02
2.129970,-2.0993710426e-02,-8.9293432109e-01,-3.3257956633e-02
2.179970,-2.3044139037e-02,-7.5660577476e-01,-2.8180305596e-02
2.229970,-2.5649996439e-02,-6.3405354562e-01,-2.3615763025e-02
2.279970,-2.8051639859e-02,-5.3198989217e-01,-1.9814331632e-02
2.329970,-2.9526957910e-02,-4.5039986621e-01,-1.6775454661e-02
2.379970,-2.9571280551e-02,-3.8930471950e-01,-1.4499923648e-02
2.429970,-2.8014072740e-02,-3.4866826677e-01,-1.2986390849e-02
2.479970,-2.5039114683e-02,-3.2541760383e-01,-1.2120403820e-02
2.529970,-2.1108235593e-02,-3.1121400080e-01,-1.1591380797e-02
2.579970,-1.6822650210e-02,-3.0029643171e-01,-1.1184748382e-02
2.629970,-1.2774645840e-02,-2.9203241414e-01,-1.0876949329e-02
2.679970,-9.4374903912e-03,-2.8635543821e-01,-1.0665506433e-02
2.729970,-7.1174395260e-03,-2.8325456869e-01,-1.0550012402e-02
2.779970,-5.9625397769e-03,-2.8273009185e-01,-1.0530477899e-02
2.829970,-6.0030987139e-03,-2.8477690158e-01,-1.0606712744e-02
2.879970,-7.1953888350e-03,-2.8939506190e-01,-1.0778719320e-02
2.929970,-9.4507373172e-03,-2.9659025759e-01,-1.1046709362e-02
2.979970,-1.2647599240e-02,-3.0636110601e-01,-1.1410631373e-02
3.029970,-1.6635127164e-02,-3.1870319489e-01,-1.1870321013e-02
3.079970,-2.1238335910e-02,-3.3361650429e-01,-1.2425777540e-02
3.129970,-2.6268655511e-02,-3.5063084265e-01,-1.3059488345e-02
3.179970,-3.1535269837e-02,-3.6737680911e-01,-1.3683203453e-02
3.229970,-3.6848378472e-02,-3.8148102216e-01,-1.4208524627e-02
3.279970,-4.2008401688e-02,-3.9248575080e-01,-1.4618403360e-02
3.329970,-4.6783653630e-02,-4.0113408546e-01,-1.4940516568e-02
3.379970,-5.0888491846e-02,-4.1113670393e-01,-1.5313071014e-02
3.429970,-5.3979283797e-02,-4.2632108826e-01,-1.5878623915e-02
3.479970,-5.5683196739e-02,-4.4753560703e-01,-1.6668773345e-02
3.529970,-5.5664005644e-02,-4.7947675784e-01,-1.7858443608e-02
3.579970,-5.3712478148e-02,-5.2241907348e-01,-1.9457859867e-02
3.629970,-4.9832913942e-02,-5.6725017572e-01,-2.1127625290e-02
3.679970,-4.4290799581e-02,-6.0956455580e-01,-2.2703653654e-02
3.729970,-3.7595680301e-02,-6.4938704073e-01,-2.4186869660e-02
3.779970,-3.0416970843e-02,-6.8671707069e-01,-2.5577252455e-02
3.829970,-2.3458088032e-02,-7.2154667598e-01,-2.6874505204e-02
3.879970,-1.7331536761e-02,-7.5388438898e-01,-2.8078945700e-02
3.929970,-1.2475025758e-02,-7.8372894569e-01,-2.9190526865e-02
3.979970,-9.1283172025e-03,-8.1107376123e-01,-3.0209003440e-02
4.029970,-7.3643108937e-03,-8.3592671725e-01,-3.1134668983e-02
4.079970,-7.1498058797e-03,-8.5829043530e-01,-3.1967621136e-02
4.129970,-8.4087389442e-03,-8.7815581154e-01,-3.2707520820e-02
4.179970,-1.1070472032e-02,-8.9552402556e-01,-3.3354411968e-02
4.229970,-1.5097923890e-02,-9.1044223398e-01,-3.3910050963e-02
4.279970,-2.0495577884e-02,-9.4459995607e-01,-3.5182278957e-02
4.329970,-2.7293677910e-02,-1.0807206210e+00,-4.0252187308e-02
4.379970,-3.5499726871e-02,-1.3960919185e+00,-5.1998409499e-02
4.429970,-4.5013562072e-02,-1.8749387580e+00,-6.9833391360e-02
4.479970,-5.5523750795e-02,-2.0645524720e+00,-7.6895685339e-02
4.529970,-6.6432126159e-02,-1.7047682931e+00,-6.3495274649e-02
4.579970,-7.6867639648e-02,-1.2482659425e+00,-4.6492528736e-02
4.629970,-8.5828494928e-02,-8.7542077875e-01,-3.2605652631e-02
4.679970,-9.2431147910e-02,-5.8630881613e-01,-2.1837477539e-02
4.729970,-9.6174580085e-02,-3.8089726837e-01,-1.4186782313e-02
4.779970,-9.7094138312e-02,-2.5916601438e-01,-9.6528175292e-03
4.829970,-9.5713903297e-02,-2.1462529647e-01,-7.9938676717e-03
4.879970,-9.2801841463e-02,-2.1452791933e-01,-7.9902407929e-03
4.929970,-8.9037190986e-02,-2.2180755591e-01,-8.2613758943e-03
4.979970,-8.4751198949e-02,-2.2906229387e-01,-8.5315836294e-03
5.029970,-7.9866474312e-02,-2.3632147764e-01,-8.8019569515e-03
5.079970,-7.4056329704e-02,-2.5198839457e-01,-9.3854821130e-03
5.129970,-6.7034358942e-02,-3.0765512278e-01,-1.1458827922e-02
5.179970,-5.8828532264e-02,-4.2967687500e-01,-1.6003612514e-02
5.229970,-4.9918261667e-02,-5.9112645967e-01,-2.2016914006e-02
5.279970,-4.1192851649e-02,-7.4736524855e-01,-2.7836135804e-02
5.329970,-3.3772702820e-02,-8.8476258786e-01,-3.2953594775e-02
5.379970,-2.8775740490e-02,-1.0032939329e+00,-3.7368376737e-02
5.429970,-2.7100278758e-02,-1.1029461302e+00,-4.1079991776e-02
5.479970,-2.9256219825e-02,-1.1837313179e+00,-4.4088891989e-02
5.529970,-3.5246060237e-02,-1.2456327950e+00,-4.6394455334e-02
5.579970,-4.4497447269e-02,-1.2886609704e+00,-4.7997069502e-02
5.629970,-5.5872151949e-02,-1.3128214577e+00,-4.8896943566e-02
5.679970,-6.7792198740e-02,-1.3181029367e+00,-4.9093655908e-02
5.729970,-7.8504063727e-02,-1.3045089197e+00,-4.8587337339e-02
5.779970,-8.6443746756e-02,-1.2717744030e+00,-4.7368117612e-02
5.829970,-9.0599530625e-02,-1.1604844859e+00,-4.3223047648e-02
5.879970,-9.0741312446e-02,-1.1351974201e+00,-4.2281213385e-02
5.929970,-8.7424741750e-02,-1.4417933227e+00,-5.3700589918e-02
5.979970,-8.1772773931e-02,-1.6233488521e+00,-6.0462751232e-02
6.029970,-7.5135727494e-02,-1.4579157448e+00,-5.4301080685e-02
6.079970,-6.8775421052e-02,-1.2704446506e+00,-4.7318590064e-02
6.129970,-6.3683436224e-02,-1.1263239589e+00,-4.1950715181e-02
6.179970,-6.0552676819e-02,-1.0255406190e+00,-3.8196969953e-02
6.229970,-5.9834359788e-02,-9.6764139776e-01,-3.6040473396e-02
6.279970,-6.1783210607e-02,-9.4293702535e-01,-3.5120341952e-02
6.329970,-6.6434819712e-02,-9.2900896965e-01,-3.4601581880e-02
6.379970,-7.3535717575e-02,-9.1238813498e-01,-3.3982527393e-02
6.429970,-8.2501146913e-02,-8.9255926732e-01,-3.3243987496e-02
6.479970,-9.2467953716e-02,-8.6953000000e-01,-3.2386246500e-02
6.529970,-1.0244624474e-01,-8.4330445687e-01,-3.1409458000e-02
6.579970,-1.1150100704e-01,-8.1387775604e-01,-3.0313440167e-02
6.629970,-1.1886938217e-01,-7.8125106030e-01,-2.9098236309e-02
6.679970,-1.2396332200e-01,-7.4542600719e-01,-2.7763907417e-02
6.729970,-1.2629159964e-01,-7.0639750000e-01,-2.6310263662e-02
6.779970,-1.2539765996e-01,-6.6416453275e-01,-2.4737267575e-02
6.829970,-1.2090155429e-01,-6.1873163106e-01,-2.3045087715e-02
6.879970,-1.1265721802e-01,-5.7009949481e-01,-2.1233750151e-02
6.929970,-1.0094400015e-01,-5.1826793530e-01,-1.9303247853e-02
6.979970,-8.6569426461e-02,-4.6323714913e-01,-1.7253588145e-02
7.029970,-7.0798563327e-02,-4.0500398562e-01,-1.5084653677e-02
7.079970,-5.5117731523e-02,-3.4725618211e-01,-1.2933796778e-02
7.129970,-4.0925912430e-02,-3.0197067079e-01,-1.1247106575e-02
7.179970,-2.9275022487e-02,-2.7190652356e-01,-1.0127346609e-02
7.229970,-2.0741422537e-02,-2.4450298922e-01,-9.1066830114e-03
7.279970,-1.5438018506e-02,-2.1927062288e-01,-8.1668860682e-03
7.329970,-1.3115459654e-02,-1.9620225639e-01,-7.3076887967e-03
7.379970,-1.3282074137e-02,-1.7529388978e-01,-6.5289422151e-03
7.429970,-1.5295053123e-02,-1.5654981034e-01,-5.8308060070e-03
7.479970,-1.8416787330e-02,-1.3996939297e-01,-5.2132568897e-03
7.529970,-2.1861922765e-02,-1.2555327875e-01,-4.6763187408e-03
7.579970,-2.4865561059e-02,-1.1330748253e-01,-4.2202155873e-03
7.629970,-2.6782205254e-02,-1.0322153355e-01,-3.8445574386e-03
7.679970,-2.7194590122e-02,-9.5297571885e-02,-3.5494240037e-03
7.729970,-2.5991994101e-02,-8.9522729088e-02,-3.3343359880e-03
7.779970,-2.3382064064e-02,-8.5453608227e-02,-3.1827787660e-03
7.829970,-1.9826823337e-02,-8.2063158315e-02,-3.0564991131e-03
7.879970,-1.5927300818e-02,-7.8759117412e-02,-2.9334378235e-03
7.929970,-1.2303132556e-02,-7.5517795527e-02,-2.8127125471e-03
7.979970,-9.5118213984e-03,-7.2346458375e-02,-2.6945939006e-03
8.029970,-8.0284871738e-03,-6.9245091853e-02,-2.5790813585e-03
8.079970,-8.2731829836e-03,-6.6213085064e-02,-2.4661521678e-03
8.129970,-1.0645110593e-02,-6.3247762028e-02,-2.3557066595e-03
8.179970,-1.5514016660e-02,-6.0348969649e-02,-2.2477391316e-03
8.229970,-2.3134521378e-02,-5.7523027157e-02,-2.1424849481e-03
8.279970,-3.3486687266e-02,-5.4760303454e-02,-2.0395853922e-03
8.329970,-4.6093957280e-02,-5.2067533946e-02,-1.9392913287e-03
8.379970,-5.9906859244e-02,-4.9440972444e-02,-1.8414632282e-03
8.429970,-7.3343702351e-02,-4.6880748652e-02,-1.7461059216e-03
8.479970,-8.4533940037e-02,-4.4394101438e-02,-1.6534890255e-03
8.529970,-9.1725902583e-02,-4.1970071885e-02,-1.5632043675e-03
8.579970,-9.3734983569e-02,-3.9615963266e-02,-1.4755239632e-03
8.629970,-9.0268590143e-02,-3.7328672125e-02,-1.3903322220e-03
8.679970,-8.1999518994e-02,-3.5107074680e-02,-1.3075872880e-03
8.729970,-7.0358606142e-02,-3.2959181473e-02,-1.2275875193e-03
8.779970,-5.7131360823e-02,-3.0874313099e-02,-1.1499351541e-03
8.829970,-4.4013638019e-02,-2.8858929712e-02,-1.0748708054e-03
8.879970,-3.2276518618e-02,-2.6913437812e-02,-1.0024096134e-03
8.929970,-2.2622293687e-02,-2.5037857428e-02,-9.3255232425e-04
8.979970,-1.5225154982e-02,-2.3228893991e-02,-8.6517622936e-04
9.029970,-9.8869496680e-03,-2.1482851438e-02,-8.0014366634e-04
9.079970,-6.2217191680e-03,-1.9806337859e-02,-7.3770075809e-04
9.129970,-3.8052734294e-03,-1.8199692553e-02,-6.7786014199e-04
9.179970,-2.2640433564e-03,-1.6662937300e-02,-6.2062262927e-04
9.229970,-1.3087551962e-03,-1.5195738818e-02,-5.6597580660e-04
9.279970,-7.3309692427e-04,-1.3795494111e-02,-5.1382272361e-04
9.329970,-3.9753107948e-04,-1.2458043131e-02,-4.6400843646e-04
9.379970,-2.1133384088e-04,-1.1190175719e-02,-4.1678583742e-04
9.429970,-1.1856063149e-04,-9.9921501298e-03,-3.7216454541e-04
9.479970,-8.9076938625e-05,-8.8611521565e-03,-3.3003974333e-04
9.529970,-1.1404605271e-04,-7.7954333067e-03,-2.9034630737e-04
9.579970,-2.0498975175e-04,-6.8039089639e-03,-2.5341629716e-04
9.629970,-3.9546497949e-04,-5.8750479233e-03,-2.1882022500e-04
9.679970,-7.4388969369e-04,-5.0158266773e-03,-1.8681793518e-04
9.729970,-1.3350844915e-03,-4.2264224396e-03,-1.5741602813e-04
9.779970,-2.2771119855e-03,-3.5041134185e-03,-1.3051312886e-04
9.829970,-3.6897349311e-03,-2.8469408946e-03,-1.0603628349e-04
9.879970,-5.6820907940e-03,-2.2641385506e-03,-8.4329406934e-05
9.929970,-8.3204618619e-03,-1.7438658147e-03,-6.4951488894e-05
9.979970,-1.1591884296e-02,-1.2932907348e-03,-4.8169508280e-05
10.029970,-1.5374138803e-02,-9.0985825514e-04,-3.3888300267e-05
10.079970,-1.9424849555e-02,-5.9152156549e-04,-2.2031629996e-05
10.129970,-2.3399732988e-02,-3.4764376997e-04,-1.2948232756e-05
10.179970,-2.6902166128e-02,-1.6618287083e-04,-6.1895960104e-06
10.229970,-2.9555767056e-02,-5.4496805111e-05,-2.0297712141e-06
10.279970,-3.1083254439e-02,-7.4326212816e-06,-2.7683312246e-07
10.329970,-3.1372576839e-02,0.0000000000e+00,0.0000000000e+00
10.379970,-3.0515876273e-02,0.0000000000e+00,0.0000000000e+00
10.429970,-2.8814839310e-02,0.0000000000e+00,0.0000000000e+00
10.479970,-2.6752245809e-02,0.0000000000e+00,0.0000000000e+00
10.529970,-2.4931289630e-02,0.0000000000e+00,0.0000000000e+00
10.579970,-2.3983704826e-02,0.0000000000e+00,0.0000000000e+00
10.629970,-2.4450620470e-02,0.0000000000e+00,0.0000000000e+00
10.679970,-2.6650765552e-02,0.0000000000e+00,0.0000000000e+00
10.729970,-3.0567061376e-02,0.0000000000e+00,0.0000000000e+00
10.779970,-3.5794939224e-02,0.0000000000e+00,0.0000000000e+00
10.829970,-4.1591025937e-02,0.0000000000e+00,0.0000000000e+00
10.879970,-4.7032254462e-02,0.0000000000e+00,0.0000000000e+00
10.929970,-5.1250027732e-02,0.0000000000e+00,0.0000000000e+00
10.979970,-5.3663064422e-02,0.0000000000e+00,0.0000000000e+00
11.029970,-5.4121106853e-02,0.0000000000e+00,0.0000000000e+00
11.079970,-5.2902369698e-02,0.0000000000e+00,0.0000000000e+00
11.129970,-5.0569229256e-02,0.0000000000e+00,0.0000000000e+00
11.179970,-4.7747839103e-02,0.0000000000e+00,0.0000000000e+00
11.229970,-4.4925091234e-02,0.0000000000e+00,0.0000000000e+00
11.279970,-4.2337126621e-02,0.0000000000e+00,0.0000000000e+00
11.329970,-3.9971887660e-02,0.0000000000e+00,0.0000000000e+00
11.379970,-3.7655690690e-02,0.0000000000e+00,0.0000000000e+00
11.429970,-3.5167822181e-02,0.0000000000e+00,0.0000000000e+00
11.479970,-3.2334426798e-02,0.0000000000e+00,0.0000000000e+00
11.529970,-2.9079499129e-02,0.0000000000e+00,0.0000000000e+00
11.579970,-2.5435817328e-02,0.0000000000e+00,0.0000000000e+00
11.629970,-2.1529772041e-02,0.0000000000e+00,0.0000000000e+00
11.679970,-1.7552612331e-02,0.0000000000e+00,0.0000000000e+00
11.729970,-1.3725742154e-02,0.0000000000e+00,0.0000000000e+00
11.779970,-1.0266313036e-02,0.0000000000e+00,0.0000000000e+00
11.829970,-7.3612754221e-03,0.0000000000e+00,0.0000000000e+00
11.879970,-5.1583306993e-03,0.0000000000e+00,0.0000000000e+00
11.929970,-3.7769998180e-03,0.0000000000e+00,0.0000000000e+00
11.979970,-3.3331747339e-03,0.0000000000e+00,0.0000000000e+00
12.029970,-3.9610008405e-03,0.0000000000e+00,0.0000000000e+00
12.079970,-5.8124802623e-03,0.0000000000e+00,0.0000000000e+00
12.129970,-9.0211780854e-03,0.0000000000e+00,0.0000000000e+00
12.179970,-1.3631293153e-02,0.0000000000e+00,0.0000000000e+00
12.229970,-1.9512291296e-02,0.0000000000e+00,0.0000000000e+00
12.279970,-2.6294099950e-02,0.0000000000e+00,0.0000000000e+00
12.329970,-3.3359756803e-02,0.0000000000e+00,0.0000000000e+00
12.379970,-3.9916728644e-02,0.0000000000e+00,0.0000000000e+00
12.429970,-4.5138701417e-02,0.0000000000e+00,0.0000000000e+00
12.479970,-4.8339099718e-02,0.0000000000e+00,0.0000000000e+00
12.529970,-4.9121458327e-02,0.0000000000e+00,0.0000000000e+00
12.579970,-4.7459199000e-02,0.0000000000e+00,0.0000000000e+00
12.629970,-4.3684868874e-02,0.0000000000e+00,0.0000000000e+00
12.679970,-3.8402198049e-02,0.0000000000e+00,0.0000000000e+00
12.729970,-3.2357414885e-02,0.0000000000e+00,0.0000000000e+00
12.779970,-2.6310888060e-02,0.0000000000e+00,0.0000000000e+00
12.829970,-2.0939190396e-02,0.0000000000e+00,0.0000000000e+00
12.879970,-1.6780755304e-02,0.0000000000e+00,0.0000000000e+00
12.929970,-1.4224451223e-02,0.0000000000e+00,0.0000000000e+00
12.979970,-1.3533015309e-02,0.0000000000e+00,0.0000000000e+00
13.029970,-1.4889918370e-02,0.0000000000e+00,0.0000000000e+00
13.079970,-1.8454073467e-02,0.0000000000e+00,0.0000000000e+00
13.129970,-2.4399328504e-02,0.0000000000e+00,0.0000000000e+00
13.179970,-3.2908249051e-02,0.0000000000e+00,0.0000000000e+00
13.229970,-4.4091795132e-02,0.0000000000e+00,0.0000000000e+00
13.279970,-5.7828611796e-02,0.0000000000e+00,0.0000000000e+00
13.329970,-7.3561345451e-02,0.0000000000e+00,0.0000000000e+00
13.379970,-9.0136676077e-02,0.0000000000e+00,0.0000000000e+00
13.429970,-1.0579917268e-01,0.0000000000e+00,0.0000000000e+00
13.479970,-1.1841711818e-01,0.0000000000e+00,0.0000000000e+00
13.529970,-1.2592810956e-01,0.0000000000e+00,0.0000000000e+00
13.579970,-1.2687996659e-01,0.0000000000e+00,0.0000000000e+00
13.629970,-1.2086999486e-01,0.0000000000e+00,0.0000000000e+00
13.679970,-1.0870251112e-01,0.0000000000e+00,0.0000000000e+00
13.729970,-9.2192346457e-02,0.0000000000e+00,0.0000000000e+00
13.779970,-7.3688248651e-02,0.0000000000e+00,0.0000000000e+00
13.829970,-5.5498901047e-02,0.0000000000e+00,0.0000000000e+00
13.879970,-3.9423394086e-02,0.0000000000e+00,0.0000000000e+00
13.929970,-2.6518109518e-02,0.0000000000e+00,0.0000000000e+00
13.979970,-1.7119923264e-02,0.0000000000e+00,0.0000000000e+00
14.029970,-1.1050382061e-02,0.0000000000e+00,0.0000000000e+00
14.079970,-7.8837494472e-03,0.0000000000e+00,0.0000000000e+00
14.129970,-7.1748248876e-03,0.0000000000e+00,0.0000000000e+00
14.179970,-8.5867481423e-03,0.0000000000e+00,0.0000000000e+00
14.229970,-1.1907118092e-02,0.0000000000e+00,0.0000000000e+00
14.279970,-1.6976075311e-02,0.0000000000e+00,0.0000000000e+00
14.329970,-2.3569197695e-02,0.0000000000e+00,0.0000000000e+00
14.379970,-3.1284681908e-02,0.0000000000e+00,0.0000000000e+00
14.429970,-3.9481401286e-02,0.0000000000e+00,0.0000000000e+00
14.479970,-4.7301872868e-02,0.0000000000e+00,0.0000000000e+00
14.529970,-5.3790872755e-02,0.0000000000e+00,0.0000000000e+00
14.579970,-5.8088866919e-02,0.0000000000e+00,0.0000000000e+00
14.629970,-5.9648070405e-02,0.0000000000e+00,0.0000000000e+00
14.679970,-5.8400502427e-02,0.0000000000e+00,0.0000000000e+00
14.729970,-5.4812840201e-02,0.0000000000e+00,0.0000000000e+00
14.779970,-4.9794626280e-02,0.0000000000e+00,0.0000000000e+00
14.829970,-4.4475056648e-02,0.0000000000e+00,0.0000000000e+00
14.879970,-3.9910933672e-02,0.0000000000e+00,0.0000000000e+00
14.929970,-3.6815411091e-02,0.0000000000e+00,0.0000000000e+00
14.979970,-3.5392708704e-02,0.0000000000e+00,0.0000000000e+00
15.029970,-3.5329164249e-02,0.0000000000e+00,0.0000000000e+00
15.079970,-3.5938222538e-02,0.0000000000e+00,0.0000000000e+00
15.129970,-3.6405062320e-02,0.0000000000e+00,0.0000000000e+00
15.179970,-3.6044447768e-02,0.0000000000e+00,0.0000000000e+00
15.229970,-3.4485518516e-02,0.0000000000e+00,0.0000000000e+00
15.279970,-3.1730010929e-02,0.0000000000e+00,0.0000000000e+00
15.329970,-2.8082303377e-02,0.0000000000e+00,0.0000000000e+00
15.379970,-2.3997949155e-02,0.0000000000e+00,0.0000000000e+00
15.429970,-1.9920871710e-02,0.0000000000e+00,0.0000000000e+00
15.479970,-1.6169913632e-02,0.0000000000e+00,0.0000000000e+00
15.529970,-1.2901823429e-02,0.0000000000e+00,0.0000000000e+00
15.579970,-1.0139927270e-02,0.0000000000e+00,0.0000000000e+00
15.629970,-7.8343541934e-03,0.0000000000e+00,0.0000000000e+00
15.679970,-5.9182210596e-03,0.0000000000e+00,0.0000000000e+00
15.729970,-4.3391253749e-03,0.0000000000e+00,0.0000000000e+00
15.779970,-3.0643189198e-03,0.0000000000e+00,0.0000000000e+00
15.829970,-2.0704666706e-03,0.0000000000e+00,0.0000000000e+00
15.879970,-1.3312485341e-03,0.0000000000e+00,0.0000000000e+00
15.929970,-8.1108066319e-04,0.0000000000e+00,0.0000000000e+00
15.979970,-4.6639222940e-04,0.0000000000e+00,0.0000000000e+00
16.029970,-2.5136706176e-04,0.0000000000e+00,0.0000000000e+00
16.079970,-1.2405681864e-04,0.0000000000e+00,0.0000000000e+00
16.129970,-5.0189984125e-05,0.0000000000e+00,0.0000000000e+00
16.179970,-4.0447693061e-06,0.0000000000e+00,0.0000000000e+00
16.229970,3.2814937909e-05,0.0000000000e+00,0.0000000000e+00
16.279970,7.3654693222e-05,0.0000000000e+00,0.0000000000e+00
16.329970,1.2843079956e-04,0.0000000000e+00,0.0000000000e+00
16.379970,2.0471564238e-04,0.0000000000e+00,0.0000000000e+00
16.429970,3.0739078144e-04,0.0000000000e+00,0.0000000000e+00
16.479970,4.3710652599e-04,0.0000000000e+00,0.0000000000e+00
16.529970,5.8781701737e-04,0.0000000000e+00,0.0000000000e+00
16.579970,7.4415709896e-04,0.0000000000e+00,0.0000000000e+00
16.629970,8.8001981168e-04,0.0000000000e+00,0.0000000000e+00
16.679970,9.6013107126e-04,0.0000000000e+00,0.0000000000e+00
16.729970,9.4617017597e-04,0.0000000000e+00,0.0000000000e+00
16.779970,8.0760480227e-04,0.0000000000e+00,0.0000000000e+00
16.829970,5.3504160321e-04,0.0000000000e+00,0.0000000000e+00
16.879970,1.5156363980e-04,0.0000000000e+00,0.0000000000e+00
16.929970,-2.8322594113e-04,0.0000000000e+00,0.0000000000e+00
16.979970,-6.7987331279e-04,0.0000000000e+00,0.0000000000e+00
17.029970,-9.3587218059e-04,0.0000000000e+00,0.0000000000e+00
17.079970,-9.5788165237e-04,0.0000000000e+00,0.0000000000e+00
17.129970,-6.8274582126e-04,0.0000000000e+00,0.0000000000e+00
17.179970,-9.1950164961e-05,0.0000000000e+00,0.0000000000e+00
17.229970,7.8264322230e-04,0.0000000000e+00,0.0000000000e+00
17.279970,1.8611773440e-03,0.0000000000e+00,0.0000000000e+00
17.329970,3.0249794886e-03,0.0000000000e+00,0.0000000000e+00
17.379970,4.1320429861e-03,0.0000000000e+00,0.0000000000e+00
17.429970,5.0386286076e-03,0.0000000000e+00,0.0000000000e+00
17.479970,5.6250121449e-03,0.0000000000e+00,0.0000000000e+00
17.529970,5.8200748895e-03,0.0000000000e+00,0.0000000000e+00
17.579970,5.6171038280e-03,0.0000000000e+00,0.0000000000e+00
17.629970,5.0743590311e-03,0.0000000000e+00,0.0000000000e+00
17.679970,4.2990080289e-03,0.0000000000e+00,0.0000000000e+00
17.729970,3.4195345877e-03,0.0000000000e+00,0.0000000000e+00
17.779970,2.5561623740e-03,0.0000000000e+00,0.0000000000e+00
17.829970,1.7988991112e-03,0.0000000000e+00,0.0000000000e+00
17.879970,1.1988521226e-03,0.0000000000e+00,0.0000000000e+00
17.929970,7.7295912852e-04,0.0000000000e+00,0.0000000000e+00
17.979970,5.1798303741e-04,0.0000000000e+00,0.0000000000e+00
18.029970,4.2792787503e-04,0.0000000000e+00,0.0000000000e+00
