channel,energy_ev,abacus_minus_cohp,lobster_minus_pcohp,lobster_scaled_minus_pcohp
Pt-C_total,-12.030080,5.2982904034e-17,-0.0000000000e+00,-0.0000000000e+00
Pt-C_total,-11.980080,3.9853948341e-16,0.0000000000e+00,0.0000000000e+00
Pt-C_total,-11.930080,2.8216103640e-15,0.0000000000e+00,0.0000000000e+00
Pt-C_total,-11.880080,1.8803082688e-14,0.0000000000e+00,0.0000000000e+00
Pt-C_total,-11.830080,1.1794595697e-13,0.0000000000e+00,0.0000000000e+00
Pt-C_total,-11.780080,6.9642461603e-13,0.0000000000e+00,0.0000000000e+00
Pt-C_total,-11.730080,3.8709419450e-12,0.0000000000e+00,0.0000000000e+00
Pt-C_total,-11.680080,2.0254637593e-11,0.0000000000e+00,0.0000000000e+00
Pt-C_total,-11.630080,9.9772459610e-11,0.0000000000e+00,0.0000000000e+00
Pt-C_total,-11.580080,4.6268739914e-10,0.0000000000e+00,0.0000000000e+00
Pt-C_total,-11.530080,2.0200733774e-09,0.0000000000e+00,0.0000000000e+00
Pt-C_total,-11.480080,8.3034780872e-09,0.0000000000e+00,0.0000000000e+00
Pt-C_total,-11.430080,3.2134870380e-08,0.0000000000e+00,0.0000000000e+00
Pt-C_total,-11.380080,1.1709168964e-07,0.0000000000e+00,0.0000000000e+00
Pt-C_total,-11.330080,4.0171422068e-07,0.0000000000e+00,0.0000000000e+00
Pt-C_total,-11.280080,1.2976504799e-06,0.0000000000e+00,0.0000000000e+00
Pt-C_total,-11.230080,3.9468860643e-06,0.0000000000e+00,0.0000000000e+00
Pt-C_total,-11.180080,1.1303523997e-05,0.0000000000e+00,0.0000000000e+00
Pt-C_total,-11.130080,3.0481809651e-05,0.0000000000e+00,0.0000000000e+00
Pt-C_total,-11.080080,7.7399749123e-05,0.0000000000e+00,0.0000000000e+00
Pt-C_total,-11.030080,1.8506047347e-04,0.0000000000e+00,0.0000000000e+00
Pt-C_total,-10.980080,4.1664440168e-04,3.7893476960e-05,9.3673516625e-07
Pt-C_total,-10.930080,8.8327655707e-04,2.2898643256e-04,5.6605954688e-06
Pt-C_total,-10.880080,1.7632247301e-03,1.0881149013e-03,2.6898442020e-05
Pt-C_total,-10.830080,3.3143472066e-03,4.4298044693e-03,1.0950575030e-04
Pt-C_total,-10.780080,5.8663270537e-03,1.6000837822e-02,3.9554426459e-04
Pt-C_total,-10.730080,9.7770995329e-03,5.1353375898e-02,1.2694668573e-03
Pt-C_total,-10.680080,1.5343549704e-02,1.4628897666e-01,3.6162959925e-03
Pt-C_total,-10.630080,2.2673012360e-02,3.6978485834e-01,9.1411638241e-03
Pt-C_total,-10.580080,3.1546754353e-02,8.2938329344e-01,2.0502539212e-02
Pt-C_total,-10.530080,4.1329077094e-02,1.6509890263e+00,4.0812815401e-02
Pt-C_total,-10.480080,5.0980578711e-02,2.9163397506e+00,7.2092566329e-02
Pt-C_total,-10.430080,5.9209759971e-02,4.5721329130e+00,1.1302414104e-01
Pt-C_total,-10.380080,6.4745826510e-02,6.3612552603e+00,1.5725164281e-01
Pt-C_total,-10.330080,6.6657598273e-02,7.8551837024e+00,1.9418188569e-01
Pt-C_total,-10.280080,6.4609359179e-02,8.6097458220e+00,2.1283482887e-01
Pt-C_total,-10.230080,5.8957166054e-02,8.3762197905e+00,2.0706201351e-01
Pt-C_total,-10.180080,5.0647689117e-02,7.2337374222e+00,1.7881959562e-01
Pt-C_total,-10.130080,4.0959041569e-02,5.5460774686e+00,1.3710026676e-01
Pt-C_total,-10.080080,3.1181027288e-02,3.7750835355e+00,9.3320903410e-02
Pt-C_total,-10.030080,2.2344002574e-02,2.2818647776e+00,5.6408204083e-02
Pt-C_total,-9.980080,1.5070601277e-02,1.2247752634e+00,3.0276716522e-02
Pt-C_total,-9.930080,9.5661696925e-03,5.8396128466e-01,1.4435652649e-02
Pt-C_total,-9.880080,5.7125259833e-03,2.4731696927e-01,6.1137304073e-03
Pt-C_total,-9.830080,3.2058447043e-03,9.3147486535e-02,2.3026265544e-03
Pt-C_total,-9.780080,1.6850420754e-03,3.1353703112e-02,7.7507050432e-04
Pt-C_total,-9.730080,8.1998944069e-04,9.8280750050e-03,2.4295219685e-04
Pt-C_total,-9.680080,3.5369297450e-04,3.6876336792e-03,9.1159123539e-05
Pt-C_total,-9.630080,1.0890870900e-04,2.9112228207e-03,7.1966074683e-05
Pt-C_total,-9.580080,-2.4923175269e-05,4.0205146619e-03,9.9388015362e-05
Pt-C_total,-9.530080,-1.1091525498e-04,5.8073144453e-03,1.4355810284e-04
Pt-C_total,-9.480080,-1.8208285375e-04,7.6799840415e-03,1.8985091116e-04
Pt-C_total,-9.430080,-2.5378569079e-04,9.1378770950e-03,2.2589035123e-04
Pt-C_total,-9.380080,-3.3139321704e-04,9.8751007381e-03,2.4411468342e-04
Pt-C_total,-9.330080,-4.1459408479e-04,9.8216121309e-03,2.4279243317e-04
Pt-C_total,-9.280080,-4.9983498151e-04,9.1359844405e-03,2.2584356439e-04
Pt-C_total,-9.230080,-5.8189199520e-04,8.0238747007e-03,1.9835196463e-04
Pt-C_total,-9.180080,-6.5503463790e-04,6.6082385797e-03,1.6335712532e-04
Pt-C_total,-9.130080,-7.1390196349e-04,4.8781923384e-03,1.2058999801e-04
Pt-C_total,-9.080080,-7.5412916295e-04,2.8299940156e-03,6.9958080581e-05
Pt-C_total,-9.030080,-7.7283096178e-04,5.1409417398e-04,1.2708522156e-05
Pt-C_total,-8.980080,-7.6907937581e-04,-1.8652782765e-03,-4.6110093256e-05
Pt-C_total,-8.930080,-7.4438513465e-04,-3.9790921788e-03,-9.8364042380e-05
Pt-C_total,-8.880080,-7.0294456237e-04,-5.5130700180e-03,-1.3628431525e-04
Pt-C_total,-8.830080,-6.5122449721e-04,-6.2439904230e-03,-1.5435282999e-04
Pt-C_total,-8.780080,-5.9649389222e-04,-6.1557670058e-03,-1.5217192752e-04
Pt-C_total,-8.730080,-5.4417158689e-04,-5.5606642729e-03,-1.3746085580e-04
Pt-C_total,-8.680080,-4.9414848069e-04,-4.8589944134e-03,-1.2011542104e-04
Pt-C_total,-8.630080,-4.3630601119e-04,-4.4495551566e-03,-1.0999399168e-04
Pt-C_total,-8.580080,-3.4519933814e-04,-4.5223862729e-03,-1.1179439305e-04
Pt-C_total,-8.530080,-1.7351272855e-04,-5.0201675643e-03,-1.2409965712e-04
Pt-C_total,-8.480080,1.5609569362e-04,-5.6956983240e-03,-1.4079892753e-04
Pt-C_total,-8.430080,7.6022275073e-04,-6.1397486535e-03,-1.5177595030e-04
Pt-C_total,-8.380080,1.8023757773e-03,-5.7767577813e-03,-1.4280273532e-04
Pt-C_total,-8.330080,3.4934626994e-03,-3.5124157191e-03,-8.6827696653e-05
Pt-C_total,-8.280080,6.0770382848e-03,2.7483958500e-03,6.7940955805e-05
Pt-C_total,-8.230080,9.7913973292e-03,1.6746746459e-02,4.1398329177e-04
Pt-C_total,-8.180080,1.4805733645e-02,4.4888593376e-02,1.1096559976e-03
Pt-C_total,-8.130080,2.1138400890e-02,9.7582669061e-02,2.4122652514e-03
Pt-C_total,-8.080080,2.8579099338e-02,1.9064803272e-01,4.7128617101e-03
Pt-C_total,-8.030080,3.6646949867e-02,3.4481262916e-01,8.5238447727e-03
Pt-C_total,-7.980080,4.4614864738e-02,5.8036670257e-01,1.4346793782e-02
Pt-C_total,-7.930080,5.1613057299e-02,9.0529806864e-01,2.2379169315e-02
Pt-C_total,-7.880080,5.6795092324e-02,1.3002581149e+00,3.2142669376e-02
Pt-C_total,-7.830080,5.9521389378e-02,1.7111449900e+00,4.2299884183e-02
Pt-C_total,-7.780080,5.9502890847e-02,2.0582763335e+00,5.0881048090e-02
Pt-C_total,-7.730080,5.6860062326e-02,2.2640572905e+00,5.5967999048e-02
Pt-C_total,-7.680080,5.2084669705e-02,2.2842865450e+00,5.6468070711e-02
Pt-C_total,-7.630080,4.5927886973e-02,2.1253124082e+00,5.2538194744e-02
Pt-C_total,-7.580080,3.9260492357e-02,1.8368823519e+00,4.5408139694e-02
Pt-C_total,-7.530080,3.2949968146e-02,1.4879187869e+00,3.6781682866e-02
Pt-C_total,-7.480080,2.7778753517e-02,1.1421949930e+00,2.8235313899e-02
Pt-C_total,-7.430080,2.4400404415e-02,8.4588317638e-01,2.0910419983e-02
Pt-C_total,-7.380080,2.3310174948e-02,6.3033308398e-01,1.5581973827e-02
Pt-C_total,-7.330080,2.4802781039e-02,5.2293795291e-01,1.2927142336e-02
Pt-C_total,-7.280080,2.8904407465e-02,5.5817839617e-01,1.3798293920e-02
Pt-C_total,-7.230080,3.5292375900e-02,7.7885998005e-01,1.9253591685e-02
Pt-C_total,-7.180080,4.3242175742e-02,1.2196024536e+00,3.0148843516e-02
Pt-C_total,-7.130080,5.1652766175e-02,1.8725494794e+00,4.6289839006e-02
Pt-C_total,-7.080080,5.9185675129e-02,2.6518320531e+00,6.5553877300e-02
Pt-C_total,-7.030080,6.4511530797e-02,3.3870281269e+00,8.3728087525e-02
Pt-C_total,-6.980080,6.6605320337e-02,3.8710802873e+00,9.5693964434e-02
Pt-C_total,-6.930080,6.4995749094e-02,3.9475319569e+00,9.7583866686e-02
Pt-C_total,-6.880080,5.9877644546e-02,3.5882158819e+00,8.8701493511e-02
Pt-C_total,-6.830080,5.2043101588e-02,2.9067028147e+00,7.1854339131e-02
Pt-C_total,-6.780080,4.2656366351e-02,2.0981043017e+00,5.1865604307e-02
Pt-C_total,-6.730080,3.2955230693e-02,1.3482622023e+00,3.3329341077e-02
Pt-C_total,-6.680080,2.3980584234e-02,7.6762295690e-01,1.8975809977e-02
Pt-C_total,-6.630080,1.6410633166e-02,3.7991570517e-01,9.3916006076e-03
Pt-C_total,-6.580080,1.0525005025e-02,1.5079554270e-01,3.7276993058e-03
Pt-C_total,-6.530080,6.2741925067e-03,2.7238894873e-02,6.7335153078e-04
Pt-C_total,-6.480080,3.4024315482e-03,-3.6419515164e-02,-9.0029850329e-04
Pt-C_total,-6.430080,1.5721283101e-03,-6.9531292639e-02,-1.7188289963e-03
Pt-C_total,-6.380080,4.5643674379e-04,-8.7586556952e-02,-2.1651591400e-03
Pt-C_total,-6.330080,-2.1040508620e-04,-9.7825069832e-02,-2.4182574523e-03
Pt-C_total,-6.280080,-6.1841888501e-04,-1.0368776381e-01,-2.5631845496e-03
Pt-C_total,-6.230080,-8.8915108981e-04,-1.0729487630e-01,-2.6523531713e-03
Pt-C_total,-6.180080,-1.0918089030e-03,-1.1050599641e-01,-2.7317327736e-03
Pt-C_total,-6.130080,-1.2597828218e-03,-1.1518896449e-01,-2.8474967845e-03
Pt-C_total,-6.080080,-1.4039665873e-03,-1.2295898464e-01,-3.0395734084e-03
Pt-C_total,-6.030080,-1.5226153312e-03,-1.3452798085e-01,-3.3255615640e-03
Pt-C_total,-5.980080,-1.6088410738e-03,-1.4899514861e-01,-3.6831931642e-03
Pt-C_total,-5.930080,-1.6567113649e-03,-1.6363787111e-01,-4.0451645163e-03
Pt-C_total,-5.880080,-1.6660994193e-03,-1.7471473369e-01,-4.3189870194e-03
Pt-C_total,-5.830080,-1.6456924689e-03,-1.7906678771e-01,-4.4265707613e-03
Pt-C_total,-5.780080,-1.6133839828e-03,-1.7566863555e-01,-4.3425676852e-03
Pt-C_total,-5.730080,-1.5937601089e-03,-1.6623013767e-01,-4.1092459214e-03
Pt-C_total,-5.680080,-1.6132937563e-03,-1.5452724317e-01,-3.8199477702e-03
Pt-C_total,-5.630080,-1.6947288950e-03,-1.4484867518e-01,-3.5806914200e-03
Pt-C_total,-5.580080,-1.8525272613e-03,-1.4045059844e-01,-3.4719699864e-03
Pt-C_total,-5.530080,-2.0909168161e-03,-1.4263931977e-01,-3.5260756636e-03
Pt-C_total,-5.480080,-2.4050990259e-03,-1.5059214685e-01,-3.7226713152e-03
Pt-C_total,-5.430080,-2.7849178661e-03,-1.6189538201e-01,-4.0020897987e-03
Pt-C_total,-5.380080,-3.2193035236e-03,-1.7363514565e-01,-4.2922993633e-03
Pt-C_total,-5.330080,-3.6995330917e-03,-1.8376638540e-01,-4.5427458599e-03
Pt-C_total,-5.280080,-4.2199428896e-03,-1.9212992019e-01,-4.7494942975e-03
Pt-C_total,-5.230080,-4.7759224443e-03,-2.0042860962e-01,-4.9546397431e-03
Pt-C_total,-5.180080,-5.3602687261e-03,-2.1129480846e-01,-5.2232545918e-03
Pt-C_total,-5.130080,-5.9597094855e-03,-2.2687450628e-01,-5.6083881821e-03
Pt-C_total,-5.080080,-6.5533011226e-03,-2.4761891460e-01,-6.1211945630e-03
Pt-C_total,-5.030080,-7.1135533603e-03,-2.7191572711e-01,-6.7218171642e-03
Pt-C_total,-4.980080,-7.6099618213e-03,-2.9655178771e-01,-7.3308260537e-03
Pt-C_total,-4.930080,-8.0137072504e-03,-3.1798687014e-01,-7.8607060518e-03
Pt-C_total,-4.880080,-8.3020285368e-03,-3.3368821229e-01,-8.2488467170e-03
Pt-C_total,-4.830080,-8.4612510607e-03,-3.4268158189e-01,-8.4711648107e-03
Pt-C_total,-4.780080,-8.4883019967e-03,-3.4514834829e-01,-8.5321438242e-03
Pt-C_total,-4.730080,-8.3912156753e-03,-3.4142613727e-01,-8.4401299410e-03
Pt-C_total,-4.680080,-8.1892163944e-03,-3.3144672851e-01,-8.1934367400e-03
Pt-C_total,-4.630080,-7.9124725810e-03,-3.1513108939e-01,-7.7901105174e-03
Pt-C_total,-4.580080,-7.6009598091e-03,-2.9323470576e-01,-7.2488270513e-03
Pt-C_total,-4.530080,-7.3015715087e-03,-2.6772390263e-01,-6.6181943322e-03
Pt-C_total,-4.480080,-7.0629433443e-03,-2.4138758229e-01,-5.9671546441e-03
Pt-C_total,-4.430080,-6.9282786689e-03,-2.1698504988e-01,-5.3639186235e-03
Pt-C_total,-4.380080,-6.9273880588e-03,-1.9681167564e-01,-4.8652283320e-03
Pt-C_total,-4.330080,-7.0698005424e-03,-1.8281216281e-01,-4.5191572656e-03
Pt-C_total,-4.280080,-7.3409465393e-03,-1.7661727309e-01,-4.3660182159e-03
Pt-C_total,-4.230080,-7.7029797188e-03,-1.7892223863e-01,-4.4229974759e-03
Pt-C_total,-4.180080,-8.1008058006e-03,-1.8847371634e-01,-4.6591121262e-03
Pt-C_total,-4.130080,-8.4724439248e-03,-2.0161063049e-01,-4.9838595615e-03
Pt-C_total,-4.080080,-8.7613177303e-03,-2.1320470178e-01,-5.2704675787e-03
Pt-C_total,-4.030080,-8.9270718533e-03,-2.1879989625e-01,-5.4087820288e-03
Pt-C_total,-3.980080,-8.9516634685e-03,-2.1669743068e-01,-5.3568086130e-03
Pt-C_total,-3.930080,-8.8389962454e-03,-2.0867905446e-01,-5.1585925720e-03
Pt-C_total,-3.880080,-8.6087288615e-03,-1.9858812251e-01,-4.9091424930e-03
Pt-C_total,-3.830080,-8.2870127438e-03,-1.8966747457e-01,-4.6886220947e-03
Pt-C_total,-3.780080,-7.8977493785e-03,-1.8219952913e-01,-4.5040128250e-03
Pt-C_total,-3.730080,-7.4571792638e-03,-1.7312291841e-01,-4.2796369922e-03
Pt-C_total,-3.680080,-6.9728156623e-03,-1.5802632682e-01,-3.9064458951e-03
Pt-C_total,-3.630080,-6.4459811144e-03,-1.3438296230e-01,-3.3219766733e-03
Pt-C_total,-3.580080,-5.8762833397e-03,-1.0379842777e-01,-2.5659201873e-03
Pt-C_total,-3.530080,-5.2663524956e-03,-7.1473032116e-02,-1.7668292274e-03
Pt-C_total,-3.480080,-4.6255821268e-03,-4.3158647247e-02,-1.0668913451e-03
Pt-C_total,-3.430080,-3.9720078340e-03,-2.1877277080e-02,-5.4081114815e-04
Pt-C_total,-3.380080,-3.3317595723e-03,-6.9262330407e-03,-1.7121801902e-04
Pt-C_total,-3.330080,-2.7359820141e-03,4.2445062837e-03,1.0492513800e-04
Pt-C_total,-3.280080,-2.2158614024e-03,1.3309584996e-02,3.2901589704e-04
Pt-C_total,-3.230080,-1.7971447364e-03,1.9772118492e-02,4.8877116033e-04
Pt-C_total,-3.180080,-1.4957512929e-03,2.1728045083e-02,5.3712210005e-04
Pt-C_total,-3.130080,-1.3154523335e-03,1.7491656026e-02,4.3239762169e-04
Pt-C_total,-3.080080,-1.2474340105e-03,6.3611968881e-03,1.5725019984e-04
Pt-C_total,-3.030080,-1.2706618042e-03,-1.1636975259e-02,-2.8766861288e-04
Pt-C_total,-2.980080,-1.3520676366e-03,-3.6007701975e-02,-8.9011838981e-04
Pt-C_total,-2.930080,-1.4467460293e-03,-6.5190762171e-02,-1.6115301191e-03
Pt-C_total,-2.880080,-1.4997975063e-03,-9.5529150210e-02,-2.3615018093e-03
Pt-C_total,-2.830080,-1.4520290141e-03,-1.2116728252e-01,-2.9952821341e-03
Pt-C_total,-2.780080,-1.2506416133e-03,-1.3548337522e-01,-3.3491791252e-03
Pt-C_total,-2.730080,-8.6352789149e-04,-1.3338523743e-01,-3.2973126929e-03
Pt-C_total,-2.680080,-2.9307663994e-04,-1.1310513066e-01,-2.7959839496e-03
Pt-C_total,-2.630080,4.1599359795e-04,-7.6764197925e-02,-1.8976280213e-03
Pt-C_total,-2.580080,1.1792502610e-03,-2.9902319968e-02,-7.3919199064e-04
Pt-C_total,-2.530080,1.8868536013e-03,1.9531829609e-02,4.8283116578e-04
Pt-C_total,-2.480080,2.4266229500e-03,6.2552333932e-02,1.5463075871e-03
Pt-C_total,-2.430080,2.7096283836e-03,9.0907059058e-02,2.2472426896e-03
Pt-C_total,-2.380080,2.6910376200e-03,9.9087759824e-02,2.4494714294e-03
Pt-C_total,-2.330080,2.3804940192e-03,8.6026702573e-02,2.1265991934e-03
Pt-C_total,-2.280080,1.8396222975e-03,5.5544628891e-02,1.3730755621e-03
Pt-C_total,-2.230080,1.1679669858e-03,1.5275403950e-02,3.7761137816e-04
Pt-C_total,-2.180080,4.8153082838e-04,-2.5648794892e-02,-6.3404390611e-04
Pt-C_total,-2.130080,-1.1052910596e-04,-5.9066941951e-02,-1.4601479233e-03
Pt-C_total,-2.080080,-5.2559977778e-04,-7.9571604150e-02,-1.9670277267e-03
Pt-C_total,-2.030080,-7.1959154431e-04,-8.5475132655e-02,-2.1129642625e-03
Pt-C_total,-1.980080,-6.8928559017e-04,-7.8761540303e-02,-1.9470027685e-03
Pt-C_total,-1.930080,-4.6574663237e-04,-6.4008815081e-02,-1.5823121246e-03
Pt-C_total,-1.880080,-1.0185611250e-04,-4.6454501197e-02,-1.1483655867e-03
Pt-C_total,-1.830080,3.4165799577e-04,-2.9861043287e-02,-7.3817162193e-04
Pt-C_total,-1.780080,8.0758030133e-04,-1.5335824022e-02,-3.7910497578e-04
Pt-C_total,-1.730080,1.2485846411e-03,-1.8718152802e-03,-4.6271689441e-05
Pt-C_total,-1.680080,1.6286511669e-03,1.1789014366e-02,2.9142705335e-04
Pt-C_total,-1.630080,1.9214338788e-03,2.5298575703e-02,6.2538640997e-04
Pt-C_total,-1.580080,2.1080391496e-03,3.6123229603e-02,8.9297425843e-04
Pt-C_total,-1.530080,2.1758547035e-03,4.0687709497e-02,1.0058092151e-03
Pt-C_total,-1.480080,2.1185915522e-03,3.6262716936e-02,8.9642241628e-04
Pt-C_total,-1.430080,1.9365379252e-03,2.2372785315e-02,5.5306022179e-04
Pt-C_total,-1.380080,1.6358070578e-03,1.1032016756e-03,2.7271390431e-05
Pt-C_total,-1.330080,1.2260794334e-03,-2.3690602554e-02,-5.8563695660e-04
Pt-C_total,-1.280080,7.1745117693e-04,-4.7733197686e-02,-1.1799752479e-03
Pt-C_total,-1.230080,1.1780695626e-04,-6.7764012370e-02,-1.6751414356e-03
Pt-C_total,-1.180080,-5.6782630493e-04,-8.2590947536e-02,-2.0416665658e-03
Pt-C_total,-1.130080,-1.3352515069e-03,-9.3343351955e-02,-2.3074683911e-03
Pt-C_total,-1.080080,-2.1769029038e-03,-1.0279565530e-01,-2.5411314289e-03
Pt-C_total,-1.030080,-3.0770517822e-03,-1.1409694334e-01,-2.8205017792e-03
Pt-C_total,-0.980080,-4.0084521108e-03,-1.2953229603e-01,-3.2020671258e-03
Pt-C_total,-0.930080,-4.9321193055e-03,-1.4982009178e-01,-3.7035859425e-03
Pt-C_total,-0.880080,-5.8009453472e-03,-1.7396307800e-01,-4.3004059237e-03
Pt-C_total,-0.830080,-6.5666103824e-03,-1.9935379888e-01,-4.9280701831e-03
Pt-C_total,-0.780080,-7.1881843210e-03,-2.2217549970e-01,-5.4922276958e-03
Pt-C_total,-0.730080,-7.6402279938e-03,-2.3825660882e-01,-5.8897562846e-03
Pt-C_total,-0.680080,-7.9182388591e-03,-2.4455917797e-01,-6.0455571939e-03
Pt-C_total,-0.630080,-8.0399353632e-03,-2.4080685218e-01,-5.9527988670e-03
Pt-C_total,-0.580080,-8.0420024117e-03,-2.3026097765e-01,-5.6921025065e-03
Pt-C_total,-0.530080,-7.9732401700e-03,-2.1891074806e-01,-5.4115223100e-03
Pt-C_total,-0.480080,-7.8861327575e-03,-2.1335397047e-01,-5.2741575340e-03
Pt-C_total,-0.430080,-7.8292156034e-03,-2.1832669060e-01,-5.3970842801e-03
Pt-C_total,-0.380080,-7.8420119204e-03,-2.3499859537e-01,-5.8092174686e-03
Pt-C_total,-0.330080,-7.9529196891e-03,-2.6092348693e-01,-6.4500865458e-03
Pt-C_total,-0.280080,-8.1789487923e-03,-2.9192282123e-01,-7.2163969742e-03
Pt-C_total,-0.230080,-8.5255356862e-03,-3.2506465589e-01,-8.0356704877e-03
Pt-C_total,-0.180080,-8.9853527846e-03,-3.6073130487e-01,-8.9173579715e-03
Pt-C_total,-0.130080,-9.5367666929e-03,-4.0213144823e-01,-9.9407787101e-03
Pt-C_total,-0.080080,-1.0144181308e-02,-4.5230253192e-01,-1.1181019041e-02
Pt-C_total,-0.030080,-1.0762533281e-02,-5.1058552962e-01,-1.2621787689e-02
Pt-C_total,0.019920,-1.1346176619e-02,-5.7127603830e-01,-1.4122070542e-02
Pt-C_total,0.069920,-1.1859340790e-02,-6.2561887670e-01,-1.5465437576e-02
Pt-C_total,0.119920,-1.2283443467e-02,-6.6576343307e-01,-1.6457819926e-02
Pt-C_total,0.169920,-1.2617639740e-02,-6.8810665603e-01,-1.7010149359e-02
Pt-C_total,0.219920,-1.2873099222e-02,-6.9376772990e-01,-1.7150092363e-02
Pt-C_total,0.269920,-1.3066347107e-02,-6.8619393256e-01,-1.6962866410e-02
Pt-C_total,0.319920,-1.3219217550e-02,-6.6814843806e-01,-1.6516777779e-02
Pt-C_total,0.369920,-1.3370235385e-02,-6.4033162011e-01,-1.5829139861e-02
Pt-C_total,0.419920,-1.3595025912e-02,-6.0218767405e-01,-1.4886213043e-02
Pt-C_total,0.469920,-1.4025028492e-02,-5.5411160615e-01,-1.3697761967e-02
Pt-C_total,0.519920,-1.4849091762e-02,-4.9969382605e-01,-1.2352542358e-02
Pt-C_total,0.569920,-1.6285159692e-02,-4.4737127694e-01,-1.1059117323e-02
Pt-C_total,0.619920,-1.8519861443e-02,-4.1046347696e-01,-1.0146748311e-02
Pt-C_total,0.669920,-2.1629164089e-02,-4.0500354948e-01,-1.0011777691e-02
Pt-C_total,0.719920,-2.5506986826e-02,-4.4501438859e-01,-1.1000854520e-02
Pt-C_total,0.769920,-2.9833637201e-02,-5.3633601636e-01,-1.3258345440e-02
Pt-C_total,0.819920,-3.4107476915e-02,-6.7149266959e-01,-1.6599447925e-02
Pt-C_total,0.869920,-3.7742386969e-02,-8.2854194494e-01,-2.0481740891e-02
Pt-C_total,0.919920,-4.0208001118e-02,-9.7575329609e-01,-2.4120838185e-02
Pt-C_total,0.969920,-4.1170732674e-02,-1.0810637084e+00,-2.6724134965e-02
Pt-C_total,1.019920,-4.0590711877e-02,-1.1219878033e+00,-2.7735787680e-02
Pt-C_total,1.069920,-3.8744645968e-02,-1.0917460303e+00,-2.6988204336e-02
Pt-C_total,1.119920,-3.6170132034e-02,-9.9934114924e-01,-2.4703935154e-02
Pt-C_total,1.169920,-3.3551239020e-02,-8.6520585278e-01,-2.1388080835e-02
Pt-C_total,1.219920,-3.1578738965e-02,-7.1532307662e-01,-1.7682945321e-02
Pt-C_total,1.269920,-3.0818854412e-02,-5.7582170158e-01,-1.4234440348e-02
Pt-C_total,1.319920,-3.1615988248e-02,-4.6862268156e-01,-1.1584456765e-02
Pt-C_total,1.369920,-3.4043738799e-02,-4.0779952723e-01,-1.0080894882e-02
Pt-C_total,1.419920,-3.7908324697e-02,-3.9722143655e-01,-9.8194021309e-03
Pt-C_total,1.469920,-4.2799935002e-02,-4.3062215440e-01,-1.0645075294e-02
Pt-C_total,1.519920,-4.8180103480e-02,-4.9520905028e-01,-1.2241677704e-02
Pt-C_total,1.569920,-5.3487673970e-02,-5.7737076002e-01,-1.4272733417e-02
Pt-C_total,1.619920,-5.8243668067e-02,-6.6689758029e-01,-1.6485856297e-02
Pt-C_total,1.669920,-6.2136642821e-02,-7.5689351556e-01,-1.8710575804e-02
Pt-C_total,1.719920,-6.5073459423e-02,-8.4038969479e-01,-2.0774619898e-02
Pt-C_total,1.769920,-6.7184336456e-02,-9.0853435754e-01,-2.2459171096e-02
Pt-C_total,1.819920,-6.8776378246e-02,-9.5348834032e-01,-2.3570443534e-02
Pt-C_total,1.869920,-7.0238967480e-02,-9.7345544294e-01,-2.4064034745e-02
Pt-C_total,1.919920,-7.1918457975e-02,-9.7447052464e-01,-2.4089127790e-02
Pt-C_total,1.969920,-7.3994766355e-02,-9.6656813847e-01,-2.3893779049e-02
Pt-C_total,2.019920,-7.6400882978e-02,-9.5748597247e-01,-2.3669265889e-02
Pt-C_total,2.069920,-7.8820625825e-02,-9.4898801277e-01,-2.3459194437e-02
Pt-C_total,2.119920,-8.0778499703e-02,-9.3747918213e-01,-2.3174693588e-02
Pt-C_total,2.169920,-8.1804344128e-02,-9.1686560854e-01,-2.2665121471e-02
Pt-C_total,2.219920,-8.1625835721e-02,-8.8133842609e-01,-2.1786881630e-02
Pt-C_total,2.269920,-8.0325477713e-02,-8.2779446927e-01,-2.0463263126e-02
Pt-C_total,2.319920,-7.8402919349e-02,-7.5898904249e-01,-1.8762377695e-02
Pt-C_total,2.369920,-7.6708989194e-02,-6.8690902055e-01,-1.6980543544e-02
Pt-C_total,2.419920,-7.6258074756e-02,-6.3332930567e-01,-1.5656041093e-02
Pt-C_total,2.469920,-7.7967936450e-02,-6.2504061839e-01,-1.5451142903e-02
Pt-C_total,2.519920,-8.2405771154e-02,-6.8408162011e-01,-1.6910649578e-02
Pt-C_total,2.569920,-8.9623925355e-02,-8.1740570916e-01,-2.0206450669e-02
Pt-C_total,2.619920,-9.9143214912e-02,-1.0112972626e+00,-2.4999492931e-02
Pt-C_total,2.669920,-1.1009214279e-01,-1.2340748713e+00,-3.0506604896e-02
Pt-C_total,2.719920,-1.2145276389e-01,-1.4461912350e+00,-3.5750168516e-02
Pt-C_total,2.769920,-1.3232120921e-01,-1.6145033413e+00,-3.9910881164e-02
Pt-C_total,2.819920,-1.4208373893e-01,-1.7247535116e+00,-4.2636289858e-02
Pt-C_total,2.869920,-1.5044602256e-01,-1.7865514004e+00,-4.4163947394e-02
Pt-C_total,2.919920,-1.5732199699e-01,-1.8264018715e+00,-4.5149059891e-02
Pt-C_total,2.969920,-1.6265742833e-01,-1.8705972172e+00,-4.6241578653e-02
Pt-C_total,3.019920,-1.6629484553e-01,-1.9268539904e+00,-4.7632258580e-02
Pt-C_total,3.069920,-1.6795988725e-01,-1.9774726252e+00,-4.8883562473e-02
Pt-C_total,3.119920,-1.6737633029e-01,-1.9905783779e+00,-4.9207539591e-02
Pt-C_total,3.169920,-1.6444006056e-01,-1.9427107241e+00,-4.8024240559e-02
Pt-C_total,3.219920,-1.5934810375e-01,-1.8363938081e+00,-4.5396062783e-02
Pt-C_total,3.269920,-1.5260849763e-01,-1.6990064665e+00,-4.1999817185e-02
Pt-C_total,3.319920,-1.4492982256e-01,-1.5643863834e+00,-3.8671978834e-02
Pt-C_total,3.369920,-1.3705728342e-01,-1.4519067039e+00,-3.5891456176e-02
Pt-C_total,3.419920,-1.2964248977e-01,-1.3589267804e+00,-3.3592971816e-02
Pt-C_total,3.469920,-1.2319795502e-01,-1.2708591201e+00,-3.1415919696e-02
Pt-C_total,3.519920,-1.1812410783e-01,-1.1786469160e+00,-2.9136413531e-02
Pt-C_total,3.569920,-1.1475044633e-01,-1.0894226217e+00,-2.6930769160e-02
Pt-C_total,3.619920,-1.1333141993e-01,-1.0228862797e+00,-2.5285976007e-02
Pt-C_total,3.669920,-1.1397713158e-01,-9.9774341181e-01,-2.4664438730e-02
Pt-C_total,3.719920,-1.1654940147e-01,-1.0187640575e+00,-2.5184073759e-02
Pt-C_total,3.769920,-1.2058325733e-01,-1.0733125539e+00,-2.6532524705e-02
Pt-C_total,3.819920,-1.2528833082e-01,-1.1383692659e+00,-2.8140741075e-02
Pt-C_total,3.869920,-1.2965180027e-01,-1.1920163767e+00,-2.9466909568e-02
Pt-C_total,3.919920,-1.3262407034e-01,-1.2213694634e+00,-3.0192524390e-02
Pt-C_total,3.969920,-1.3333793067e-01,-1.2231023339e+00,-3.0235361335e-02
Pt-C_total,4.019920,-1.3130000166e-01,-1.1989754988e+00,-2.9638940612e-02
Pt-C_total,4.069920,-1.2650059774e-01,-1.1519008897e+00,-2.8475245820e-02
Pt-C_total,4.119920,-1.1941149216e-01,-1.0854929609e+00,-2.6833627072e-02
Pt-C_total,4.169920,-1.1087416529e-01,-1.0051658727e+00,-2.4847923612e-02
Pt-C_total,4.219920,-1.0191351005e-01,-9.1797698723e-01,-2.2692594999e-02
Pt-C_total,4.269920,-9.3531043969e-02,-8.3037556553e-01,-2.0527068399e-02
Pt-C_total,4.319920,-8.6529542401e-02,-7.4678726257e-01,-1.8460746985e-02
Pt-C_total,4.369920,-8.1401006704e-02,-6.7016367644e-01,-1.6566594919e-02
Pt-C_total,4.419920,-7.8285360638e-02,-6.0373670391e-01,-1.4924505405e-02
Pt-C_total,4.469920,-7.6991657188e-02,-5.5087945143e-01,-1.3617862385e-02
Pt-C_total,4.519920,-7.7069957774e-02,-5.1337759777e-01,-1.2690808233e-02
Pt-C_total,4.569920,-7.7922164677e-02,-4.8980181329e-01,-1.2108009605e-02
Pt-C_total,4.619920,-7.8934242819e-02,-4.7631416201e-01,-1.1774591870e-02
Pt-C_total,4.669920,-7.9600624308e-02,-4.6906290644e-01,-1.1595339222e-02
Pt-C_total,4.719920,-7.9605481653e-02,-4.6595102155e-01,-1.1518412736e-02
Pt-C_total,4.769920,-7.8836773102e-02,-4.6598517654e-01,-1.1519257055e-02
Pt-C_total,4.819920,-7.7336931210e-02,-4.6700437463e-01,-1.1544451858e-02
Pt-C_total,4.869920,-7.5223347920e-02,-4.6418404629e-01,-1.1474732715e-02
Pt-C_total,4.919920,-7.2623011772e-02,-4.5132105526e-01,-1.1156756720e-02
Pt-C_total,4.969920,-6.9650601626e-02,-4.2488483240e-01,-1.0503247420e-02
Pt-C_total,5.019920,-6.6427782010e-02,-3.8823585478e-01,-9.5972765538e-03
Pt-C_total,5.069920,-6.3114105888e-02,-3.5240560255e-01,-8.7115447612e-03
Pt-C_total,5.119920,-5.9913976314e-02,-3.3157845601e-01,-8.1966930733e-03
Pt-C_total,5.169920,-5.7042087832e-02,-3.3532199322e-01,-8.2892341443e-03
Pt-C_total,5.219920,-5.4659085978e-02,-3.6197926391e-01,-8.9482077963e-03
Pt-C_total,5.269920,-5.2811149229e-02,-3.9740672785e-01,-9.8239825730e-03
Pt-C_total,5.319920,-5.1408678649e-02,-4.2081515859e-01,-1.0402644180e-02
Pt-C_total,5.369920,-5.0260002301e-02,-4.1486413408e-01,-1.0255533532e-02
Pt-C_total,5.419920,-4.9147883550e-02,-3.7439983842e-01,-9.2552471566e-03
Pt-C_total,5.469920,-4.7916147949e-02,-3.0835878292e-01,-7.6226975975e-03
Pt-C_total,5.519920,-4.6531950095e-02,-2.3383489727e-01,-5.7804505931e-03
Pt-C_total,5.569920,-4.5105219810e-02,-1.6702267704e-01,-4.1288376706e-03
Pt-C_total,5.619920,-4.3869033722e-02,-1.1657396648e-01,-2.8817343414e-03
Pt-C_total,5.669920,-4.3138818218e-02,-8.2774039497e-02,-2.0461926397e-03
Pt-C_total,5.719920,-4.3267208064e-02,-6.0936412610e-02,-1.5063616531e-03
Pt-C_total,5.769920,-4.4599302301e-02,-4.5630468781e-02,-1.1279953224e-03
Pt-C_total,5.819920,-4.7421751354e-02,-3.3398950519e-02,-8.2562947443e-04
Pt-C_total,5.869920,-5.1898812291e-02,-2.2993985637e-02,-5.6841643171e-04
Pt-C_total,5.919920,-5.8000515939e-02,-1.4517767358e-02,-3.5888243336e-04
Pt-C_total,5.969920,-6.5444214540e-02,-8.2862537403e-03,-2.0483803276e-04
Pt-C_total,6.019920,-7.3679415040e-02,-4.2333998404e-03,-1.0465058425e-04
Pt-C_total,6.069920,-8.1939610490e-02,-1.9251067225e-03,-4.7589065729e-05
Pt-C_total,6.119920,-8.9364742685e-02,-7.8103950518e-04,-1.9307470030e-05
Pt-C_total,6.169920,-9.5171836048e-02,-2.8200678236e-04,-6.9712702912e-06
Pt-C_total,6.219920,-9.8829586938e-02,-9.3008778930e-05,-2.2991976716e-06
Pt-C_total,6.269920,-1.0018392734e-01,-1.8300418911e-05,-4.5239041983e-07
Pt-C_total,6.319920,-9.9490402135e-02,0.0000000000e+00,0.0000000000e+00
Pt-C_total,6.369920,-9.7334975564e-02,0.0000000000e+00,0.0000000000e+00
Pt-C_total,6.419920,-9.4461008982e-02,0.0000000000e+00,0.0000000000e+00
Pt-C_total,6.469920,-9.1554480116e-02,0.0000000000e+00,0.0000000000e+00
Pt-C_total,6.519920,-8.9057648700e-02,0.0000000000e+00,0.0000000000e+00
Pt-C_total,6.569920,-8.7073033388e-02,0.0000000000e+00,0.0000000000e+00
Pt-C_total,6.619920,-8.5385180605e-02,0.0000000000e+00,0.0000000000e+00
Pt-C_total,6.669920,-8.3580664424e-02,0.0000000000e+00,0.0000000000e+00
Pt-C_total,6.719920,-8.1208360279e-02,0.0000000000e+00,0.0000000000e+00
Pt-C_total,6.769920,-7.7910813706e-02,0.0000000000e+00,0.0000000000e+00
Pt-C_total,6.819920,-7.3478830208e-02,0.0000000000e+00,0.0000000000e+00
Pt-C_total,6.869920,-6.7823852417e-02,0.0000000000e+00,0.0000000000e+00
Pt-C_total,6.919920,-6.0904031088e-02,0.0000000000e+00,0.0000000000e+00
Pt-C_total,6.969920,-5.2659152278e-02,0.0000000000e+00,0.0000000000e+00
Pt-C_total,7.019920,-4.2998257897e-02,0.0000000000e+00,0.0000000000e+00
Pt-C_total,7.069920,-3.1849961578e-02,0.0000000000e+00,0.0000000000e+00
Pt-C_total,7.119920,-1.9248743777e-02,0.0000000000e+00,0.0000000000e+00
Pt-C_total,7.169920,-5.4110491597e-03,0.0000000000e+00,0.0000000000e+00
Pt-C_total,7.219920,9.2376294177e-03,0.0000000000e+00,0.0000000000e+00
Pt-C_total,7.269920,2.4095549645e-02,0.0000000000e+00,0.0000000000e+00
Pt-C_total,7.319920,3.8458016406e-02,0.0000000000e+00,0.0000000000e+00
Pt-C_total,7.369920,5.1598263231e-02,0.0000000000e+00,0.0000000000e+00
Pt-C_total,7.419920,6.2833412490e-02,0.0000000000e+00,0.0000000000e+00
Pt-C_total,7.469920,7.1577203904e-02,0.0000000000e+00,0.0000000000e+00
Pt-C_total,7.519920,7.7398266896e-02,0.0000000000e+00,0.0000000000e+00
Pt-C_total,7.569920,8.0096629668e-02,0.0000000000e+00,0.0000000000e+00
Pt-C_total,7.619920,7.9784218103e-02,0.0000000000e+00,0.0000000000e+00
Pt-C_total,7.669920,7.6928103236e-02,0.0000000000e+00,0.0000000000e+00
Pt-C_total,7.719920,7.2312457379e-02,0.0000000000e+00,0.0000000000e+00
Pt-C_total,7.769920,6.6905015074e-02,0.0000000000e+00,0.0000000000e+00
Pt-C_total,7.819920,6.1660960641e-02,0.0000000000e+00,0.0000000000e+00
Pt-C_total,7.869920,5.7332601097e-02,0.0000000000e+00,0.0000000000e+00
Pt-C_total,7.919920,5.4354628402e-02,0.0000000000e+00,0.0000000000e+00
Pt-C_total,7.969920,5.2841250620e-02,0.0000000000e+00,0.0000000000e+00
Pt-C_total,8.019920,5.2682176653e-02,0.0000000000e+00,0.0000000000e+00
C-O_total,-12.030080,-5.2877099299e-17,-0.0000000000e+00,-0.0000000000e+00
C-O_total,-11.980080,-3.9805987314e-16,0.0000000000e+00,0.0000000000e+00
C-O_total,-11.930080,-2.8202129388e-15,0.0000000000e+00,0.0000000000e+00
C-O_total,-11.880080,-1.8805370604e-14,0.0000000000e+00,0.0000000000e+00
C-O_total,-11.830080,-1.1802167047e-13,0.0000000000e+00,0.0000000000e+00
C-O_total,-11.780080,-6.9716318464e-13,0.0000000000e+00,0.0000000000e+00
C-O_total,-11.730080,-3.8762565348e-12,0.0000000000e+00,0.0000000000e+00
C-O_total,-11.680080,-2.0286545202e-11,0.0000000000e+00,0.0000000000e+00
C-O_total,-11.630080,-9.9938518557e-11,0.0000000000e+00,0.0000000000e+00
C-O_total,-11.580080,-4.6344504908e-10,0.0000000000e+00,0.0000000000e+00
C-O_total,-11.530080,-2.0230889208e-09,0.0000000000e+00,0.0000000000e+00
C-O_total,-11.480080,-8.3136837235e-09,0.0000000000e+00,0.0000000000e+00
C-O_total,-11.430080,-3.2162054957e-08,0.0000000000e+00,0.0000000000e+00
C-O_total,-11.380080,-1.1713193979e-07,0.0000000000e+00,0.0000000000e+00
C-O_total,-11.330080,-4.0160317433e-07,0.0000000000e+00,0.0000000000e+00
C-O_total,-11.280080,-1.2963362978e-06,0.0000000000e+00,0.0000000000e+00
C-O_total,-11.230080,-3.9395345994e-06,0.0000000000e+00,0.0000000000e+00
C-O_total,-11.180080,-1.1271617193e-05,0.0000000000e+00,0.0000000000e+00
C-O_total,-11.130080,-3.0363259979e-05,0.0000000000e+00,0.0000000000e+00
C-O_total,-11.080080,-7.7008305423e-05,0.0000000000e+00,0.0000000000e+00
C-O_total,-11.030080,-1.8389046437e-04,0.0000000000e+00,0.0000000000e+00
C-O_total,-10.980080,-4.1344532592e-04,1.8946738480e-05,3.6232670678e-07
C-O_total,-10.930080,-8.7522195774e-04,7.6695929769e-05,1.4666895670e-06
C-O_total,-10.880080,-1.7444670739e-03,3.2501097147e-04,6.2153259299e-06
C-O_total,-10.830080,-3.2738153359e-03,1.3175418994e-03,2.5195925830e-05
C-O_total,-10.780080,-5.7848740927e-03,4.7732535408e-03,9.1281000046e-05
C-O_total,-10.730080,-9.6245970945e-03,1.5321915403e-02,2.9300764115e-04
C-O_total,-10.680080,-1.5077167256e-02,4.3656971873e-02,8.3487122934e-04
C-O_total,-10.630080,-2.2238430919e-02,1.1044157622e-01,2.1120222166e-03
C-O_total,-10.580080,-3.0883986601e-02,2.4786240575e-01,4.7399804089e-03
C-O_total,-10.530080,-4.0383502600e-02,4.9373067039e-01,9.4418259917e-03
C-O_total,-10.480080,-4.9717760175e-02,8.7269582087e-01,1.6688941114e-02
C-O_total,-10.430080,-5.7630252102e-02,1.3690379569e+00,2.6180707297e-02
C-O_total,-10.380080,-6.2894728185e-02,1.9059097127e+00,3.6447538998e-02
C-O_total,-10.330080,-6.4624176097e-02,2.3548770497e+00,4.5033336327e-02
C-O_total,-10.280080,-6.2514977559e-02,2.5825385515e+00,4.9387006079e-02
C-O_total,-10.230080,-5.6933998698e-02,2.5138453202e+00,4.8073355589e-02
C-O_total,-10.180080,-4.8814331295e-02,2.1720790184e+00,4.1537610202e-02
C-O_total,-10.130080,-3.9400379142e-02,1.6661487433e+00,3.1862485873e-02
C-O_total,-10.080080,-2.9937931167e-02,1.1346382083e+00,2.1698179126e-02
C-O_total,-10.030080,-2.1414552892e-02,6.8614251147e-01,1.3121401175e-02
C-O_total,-9.980080,-1.4420513839e-02,3.6844354749e-01,7.0459059397e-03
C-O_total,-9.930080,-9.1436422246e-03,1.7574485139e-01,3.3608451029e-03
C-O_total,-9.880080,-5.4625360533e-03,7.4477513966e-02,1.4242658383e-03
C-O_total,-9.830080,-3.0805215025e-03,2.8110257331e-02,5.3756465664e-04
C-O_total,-9.780080,-1.6489640932e-03,9.6312210694e-03,1.8418202246e-04
C-O_total,-9.730080,-8.5108342748e-04,3.4001077199e-03,6.5021736282e-05
C-O_total,-9.680080,-4.4132091937e-04,2.0434158021e-03,3.9077127651e-05
C-O_total,-9.630080,-2.5077828087e-04,2.6439297826e-03,5.0561017247e-05
C-O_total,-9.580080,-1.7414211803e-04,4.1963494913e-03,8.0248613411e-05
C-O_total,-9.530080,-1.5098706416e-04,6.3247805267e-03,1.2095152428e-04
C-O_total,-9.480080,-1.4900520745e-04,8.7110432875e-03,1.6658506319e-04
C-O_total,-9.430080,-1.5190966114e-04,1.1125187550e-02,2.1275179216e-04
C-O_total,-9.380080,-1.5187381779e-04,1.3504280870e-02,2.5824822674e-04
C-O_total,-9.330080,-1.4528504156e-04,1.5999608939e-02,3.0596746889e-04
C-O_total,-9.280080,-1.3058640233e-04,1.8771849192e-02,3.5898222299e-04
C-O_total,-9.230080,-1.0734356320e-04,2.1722609737e-02,4.1541089812e-04
C-O_total,-9.180080,-7.5986364912e-05,2.4343443048e-02,4.6553023153e-04
C-O_total,-9.130080,-3.7818245226e-05,2.5924026337e-02,4.9575641206e-04
C-O_total,-9.080080,5.0661843713e-06,2.6027713944e-02,4.9773927519e-04
C-O_total,-9.030080,5.0241880339e-05,2.4735059856e-02,4.7301928979e-04
C-O_total,-8.980080,9.5915790795e-05,2.2620305206e-02,4.3257791838e-04
C-O_total,-8.930080,1.4229750964e-04,2.0285865922e-02,3.8793542231e-04
C-O_total,-8.880080,1.9311846126e-04,1.7990881708e-02,3.4404744268e-04
C-O_total,-8.830080,2.5701888962e-04,1.5630837989e-02,2.9891530190e-04
C-O_total,-8.780080,3.4866090259e-04,1.3022455615e-02,2.4903407319e-04
C-O_total,-8.730080,4.8964658074e-04,1.0160646320e-02,1.9430645140e-04
C-O_total,-8.680080,7.0950738015e-04,7.3409497207e-03,1.4038416901e-04
C-O_total,-8.630080,1.0471143026e-03,4.9364671853e-03,9.4402205438e-05
C-O_total,-8.580080,1.5528436605e-03,3.2244114126e-03,6.1661819509e-05
C-O_total,-8.530080,2.2917342641e-03,2.2076301616e-03,4.2217470151e-05
C-O_total,-8.480080,3.3475781901e-03,1.7374780527e-03,3.3226547228e-05
C-O_total,-8.430080,4.8271086149e-03,1.4650329144e-03,2.8016460552e-05
C-O_total,-8.380080,6.8618898989e-03,8.8049082203e-04,1.6838008306e-05
C-O_total,-8.330080,9.6033161277e-03,-8.6976261720e-04,-1.6632848187e-05
C-O_total,-8.280080,1.3204334709e-02,-5.1722585794e-03,-9.8911346650e-05
C-O_total,-8.230080,1.7782144308e-02,-1.4219437463e-02,-2.7192447679e-04
C-O_total,-8.180080,2.3361303386e-02,-3.1350660415e-02,-5.9953229182e-04
C-O_total,-8.130080,2.9806918932e-02,-6.1582184321e-02,-1.1776628502e-03
C-O_total,-8.080080,3.6769903030e-02,-1.1221422187e-01,-2.1459212891e-03
C-O_total,-8.030080,4.3674044855e-02,-1.9263506284e-01,-3.6838439503e-03
C-O_total,-7.980080,4.9770263537e-02,-3.1204000997e-01,-5.9672766010e-03
C-O_total,-7.930080,5.4263569791e-02,-4.7382503591e-01,-9.0611619004e-03
C-O_total,-7.880080,5.6488483111e-02,-6.6831463794e-01,-1.2780471009e-02
C-O_total,-7.830080,5.6082973374e-02,-8.6894184158e-01,-1.6617152138e-02
C-O_total,-7.780080,5.3105132126e-02,-1.0366783024e+00,-1.9824849311e-02
C-O_total,-7.730080,4.8057952399e-02,-1.1336537151e+00,-2.1679352235e-02
C-O_total,-7.680080,4.1827997903e-02,-1.1386725035e+00,-2.1775328705e-02
C-O_total,-7.630080,3.5582929419e-02,-1.0555669393e+00,-2.0186064917e-02
C-O_total,-7.580080,3.0688290053e-02,-9.0883931777e-01,-1.7380128899e-02
C-O_total,-7.530080,2.8683240817e-02,-7.2973333599e-01,-1.3955007440e-02
C-O_total,-7.480080,3.1302944801e-02,-5.3944954518e-01,-1.0316127886e-02
C-O_total,-7.430080,4.0473684600e-02,-3.3220686552e-01,-6.3529361363e-03
C-O_total,-7.380080,5.8167741988e-02,-5.5665663275e-02,-1.0645186493e-03
C-O_total,-7.330080,8.6020845341e-02,4.1386989625e-01,7.9146137316e-03
C-O_total,-7.280080,1.2470311390e-01,1.2892609276e+00,2.4655096526e-02
C-O_total,-7.230080,1.7318015495e-01,2.8509753851e+00,5.4520440205e-02
C-O_total,-7.180080,2.2814693045e-01,5.3434774267e+00,1.0218563901e-01
C-O_total,-7.130080,2.8397580264e-01,8.7895416437e+00,1.6808622134e-01
C-O_total,-7.080080,3.3341767713e-01,1.2804882155e+01,2.4487332143e-01
C-O_total,-7.030080,3.6902795503e-01,1.6566048887e+01,3.1679974598e-01
C-O_total,-6.980080,3.8495543123e-01,1.9054630004e+01,3.6438996324e-01
C-O_total,-6.930080,3.7850028138e-01,1.9498336980e+01,3.7287516440e-01
C-O_total,-6.880080,3.5086205586e-01,1.7762211921e+01,3.3967449107e-01
C-O_total,-6.830080,3.0678472819e-01,1.4417367201e+01,2.7570957313e-01
C-O_total,-6.780080,2.5323614371e-01,1.0441969050e+01,1.9968630813e-01
C-O_total,-6.730080,1.9762186173e-01,6.7678555356e+00,1.2942464006e-01
C-O_total,-6.680080,1.4615675116e-01,3.9500305626e+00,7.5538149584e-02
C-O_total,-6.630080,1.0286758542e-01,2.1082125454e+00,4.0316263908e-02
C-O_total,-6.580080,6.9385241913e-02,1.0681081883e+00,2.0425896667e-02
C-O_total,-6.530080,4.5377410706e-02,5.5716716736e-01,1.0654949668e-02
C-O_total,-6.480080,2.9302673006e-02,3.3627538109e-01,6.4307401260e-03
C-O_total,-6.430080,1.9166607318e-02,2.4735369838e-01,4.7302521772e-03
C-O_total,-6.380080,1.3075446520e-02,2.0532735887e-01,3.9265642384e-03
C-O_total,-6.330080,9.5257840442e-03,1.7291093575e-01,3.3066509037e-03
C-O_total,-6.280080,7.4737518422e-03,1.3834931578e-01,2.6457140380e-03
C-O_total,-6.230080,6.2710617063e-03,1.0138919792e-01,1.9389096559e-03
C-O_total,-6.180080,5.5504410129e-03,6.5909210054e-02,1.2604104422e-03
C-O_total,-6.130080,5.1149579974e-03,3.5960275339e-02,6.8768395955e-04
C-O_total,-6.080080,4.8560428614e-03,1.3702760822e-02,2.6204384504e-04
C-O_total,-6.030080,4.7042331971e-03,-1.4869433360e-03,-2.8435463057e-05
C-O_total,-5.980080,4.6061855566e-03,-1.2385050868e-02,-2.3684470543e-04
C-O_total,-5.930080,4.5183504690e-03,-2.2304575020e-02,-4.2654007293e-04
C-O_total,-5.880080,4.4084865864e-03,-3.3240281269e-02,-6.3566833190e-04
C-O_total,-5.830080,4.2586017895e-03,-4.5050027933e-02,-8.6151124524e-04
C-O_total,-5.780080,4.0657598733e-03,-5.6018456014e-02,-1.0712652580e-03
C-O_total,-5.730080,3.8398156853e-03,-6.4090993615e-02,-1.2256398997e-03
C-O_total,-5.680080,3.5990428593e-03,-6.7996064233e-02,-1.3003182608e-03
C-O_total,-5.630080,3.3654667393e-03,-6.7851644054e-02,-1.2975564510e-03
C-O_total,-5.580080,3.1614948923e-03,-6.5120257331e-02,-1.2453229567e-03
C-O_total,-5.530080,3.0084893583e-03,-6.2167426691e-02,-1.1888546942e-03
C-O_total,-5.480080,2.9267968214e-03,-6.1229656824e-02,-1.1709213138e-03
C-O_total,-5.430080,2.9359612155e-03,-6.3005220427e-02,-1.2048761876e-03
C-O_total,-5.380080,3.0536930269e-03,-6.5571843575e-02,-1.2539588365e-03
C-O_total,-5.330080,3.2927061430e-03,-6.4668037104e-02,-1.2366749529e-03
C-O_total,-5.280080,3.6555798389e-03,-5.5602609737e-02,-1.0633128491e-03
C-O_total,-5.230080,4.1290127218e-03,-3.5731352483e-02,-6.8330616838e-04
C-O_total,-5.180080,4.6797426655e-03,-6.0897007182e-03,-1.1645599103e-04
C-O_total,-5.130080,5.2545427130e-03,2.8749046479e-02,5.4978049889e-04
C-O_total,-5.080080,5.7857960249e-03,6.2413683160e-02,1.1935639636e-03
C-O_total,-5.030080,6.2023472545e-03,8.8810915619e-02,1.6983697018e-03
C-O_total,-4.980080,6.4432506389e-03,1.0369933759e-01,1.9830874598e-03
C-O_total,-4.930080,6.4705886543e-03,1.0535494115e-01,2.0147482856e-03
C-O_total,-4.880080,6.2774607703e-03,9.4346145251e-02,1.8042223015e-03
C-O_total,-4.830080,5.8886965660e-03,7.2956784361e-02,1.3951842657e-03
C-O_total,-4.780080,5.3542650943e-03,4.4466319569e-02,8.5034873675e-04
C-O_total,-4.730080,4.7377024611e-03,1.2604940144e-02,2.4104974353e-04
C-O_total,-4.680080,4.1031856668e-03,-1.8834502294e-02,-3.6018036546e-04
C-O_total,-4.630080,3.5047033327e-03,-4.6695670391e-02,-8.9298158052e-04
C-O_total,-4.580080,2.9793942239e-03,-6.9323798125e-02,-1.3257090925e-03
C-O_total,-4.530080,2.5453440481e-03,-8.7235865922e-02,-1.6682493425e-03
C-O_total,-4.480080,2.2028116068e-03,-1.0296467983e-01,-1.9690382805e-03
C-O_total,-4.430080,1.9374586950e-03,-1.1993841979e-01,-2.2936344799e-03
C-O_total,-4.380080,1.7245451682e-03,-1.4088747058e-01,-2.6942522743e-03
C-O_total,-4.330080,1.5336545848e-03,-1.6657731045e-01,-3.1855302370e-03
C-O_total,-4.280080,1.3337727274e-03,-1.9556835627e-01,-3.7399385944e-03
C-O_total,-4.230080,1.0982843053e-03,-2.2511382482e-01,-4.3049494183e-03
C-O_total,-4.180080,8.0899472024e-04,-2.5276383603e-01,-4.8337125884e-03
C-O_total,-4.130080,4.5813479228e-04,-2.7770640862e-01,-5.3107002344e-03
C-O_total,-4.080080,4.7757171397e-05,-3.0080512268e-01,-5.7524269730e-03
C-O_total,-4.030080,-4.1317587589e-04,-3.2339909617e-01,-6.1845013385e-03
C-O_total,-3.980080,-9.1286669871e-04,-3.4589657491e-01,-6.6147303930e-03
C-O_total,-3.930080,-1.4404206600e-03,-3.6749545781e-01,-7.0277752092e-03
C-O_total,-3.880080,-1.9880218324e-03,-3.8739589186e-01,-7.4083398504e-03
C-O_total,-3.830080,-2.5509974888e-03,-4.0638206862e-01,-7.7714207526e-03
C-O_total,-3.780080,-3.1259725114e-03,-4.2766584996e-01,-8.1784397447e-03
C-O_total,-3.730080,-3.7079077626e-03,-4.5615103132e-01,-8.7231742363e-03
C-O_total,-3.680080,-4.2871805736e-03,-4.9626325419e-01,-9.4902576914e-03
C-O_total,-3.630080,-4.8479669432e-03,-5.4922570916e-01,-1.0503081714e-02
C-O_total,-3.580080,-5.3689297485e-03,-6.1120531125e-01,-1.1688344557e-02
C-O_total,-3.530080,-5.8265211447e-03,-6.7355848993e-01,-1.2880751467e-02
C-O_total,-3.480080,-6.2001825726e-03,-7.2561711891e-01,-1.3876291234e-02
C-O_total,-3.430080,-6.4777713753e-03,-7.5895782565e-01,-1.4513880046e-02
C-O_total,-3.380080,-6.6591813506e-03,-7.7095152434e-01,-1.4743240753e-02
C-O_total,-3.330080,-6.7566587582e-03,-7.6557030521e-01,-1.4640333363e-02
C-O_total,-3.280080,-6.7915730283e-03,-7.5095771947e-01,-1.4360890541e-02
C-O_total,-3.230080,-6.7887907478e-03,-7.3506684620e-01,-1.4057002472e-02
C-O_total,-3.180080,-6.7706592044e-03,-7.2181211251e-01,-1.3803526444e-02
C-O_total,-3.130080,-6.7525854374e-03,-7.0973847366e-01,-1.3572637006e-02
C-O_total,-3.080080,-6.7414240068e-03,-6.9376061041e-01,-1.3267085389e-02
C-O_total,-3.030080,-6.7368043182e-03,-6.6877458899e-01,-1.2789266852e-02
C-O_total,-2.980080,-6.7345876831e-03,-6.3293607820e-01,-1.2103911449e-02
C-O_total,-2.930080,-6.7310834672e-03,-5.8885006385e-01,-1.1260835454e-02
C-O_total,-2.880080,-6.7264935650e-03,-5.4230938560e-01,-1.0370817856e-02
C-O_total,-2.830080,-6.7262492331e-03,-4.9977458101e-01,-9.5574063187e-03
C-O_total,-2.780080,-6.7394635375e-03,-4.6632089168e-01,-8.9176568919e-03
C-O_total,-2.730080,-6.7746659579e-03,-4.4479925978e-01,-8.5060893801e-03
C-O_total,-2.680080,-6.8341631940e-03,-4.3595404947e-01,-8.3369385828e-03
C-O_total,-2.630080,-6.9093409120e-03,-4.3860805267e-01,-8.3876922384e-03
C-O_total,-2.580080,-6.9793817542e-03,-4.4967421305e-01,-8.5993152282e-03
C-O_total,-2.530080,-7.0148414385e-03,-4.6422785515e-01,-8.8776308454e-03
C-O_total,-2.480080,-6.9855200185e-03,-4.7617825853e-01,-9.1061635982e-03
C-O_total,-2.430080,-6.8699758752e-03,-4.7992886273e-01,-9.1778880309e-03
C-O_total,-2.380080,-6.6629845223e-03,-4.7245924995e-01,-9.0350433824e-03
C-O_total,-2.330080,-6.3779263182e-03,-4.5474275284e-01,-8.6962431155e-03
C-O_total,-2.280080,-6.0432445393e-03,-4.3139420591e-01,-8.2497387144e-03
C-O_total,-2.230080,-5.6946445767e-03,-4.0845928187e-01,-7.8111442034e-03
C-O_total,-2.180080,-5.3662965420e-03,-3.9043493017e-01,-7.4664566996e-03
C-O_total,-2.130080,-5.0842250629e-03,-3.7837435268e-01,-7.2358170395e-03
C-O_total,-2.080080,-4.8635629127e-03,-3.7011266560e-01,-7.0778252102e-03
C-O_total,-2.030080,-4.7093904310e-03,-3.6209588071e-01,-6.9245167517e-03
C-O_total,-1.980080,-4.6195409059e-03,-3.5149226656e-01,-6.7217392342e-03
C-O_total,-1.930080,-4.5875481339e-03,-3.3732138839e-01,-6.4507433778e-03
C-O_total,-1.880080,-4.6046441407e-03,-3.2047003192e-01,-6.1284875711e-03
C-O_total,-1.830080,-4.6607248392e-03,-3.0315024736e-01,-5.7972738105e-03
C-O_total,-1.780080,-4.7448487750e-03,-2.8812029330e-01,-5.5098494728e-03
C-O_total,-1.730080,-4.8458486771e-03,-2.7788358867e-01,-5.3140885254e-03
C-O_total,-1.680080,-4.9531852982e-03,-2.7395290104e-01,-5.2389202791e-03
C-O_total,-1.630080,-5.0576840549e-03,-2.7643652902e-01,-5.2864157755e-03
C-O_total,-1.580080,-5.1516642820e-03,-2.8433498504e-01,-5.4374613794e-03
C-O_total,-1.530080,-5.2283220021e-03,-2.9623709497e-01,-5.6650705957e-03
C-O_total,-1.480080,-5.2808260335e-03,-3.1065090764e-01,-5.9407121939e-03
C-O_total,-1.430080,-5.3019800204e-03,-3.2568061652e-01,-6.2281318428e-03
C-O_total,-1.380080,-5.2851236763e-03,-3.3856177738e-01,-6.4744638750e-03
C-O_total,-1.330080,-5.2262088832e-03,-3.4591990423e-01,-6.6151765298e-03
C-O_total,-1.280080,-5.1261303842e-03,-3.4503572511e-01,-6.5982679886e-03
C-O_total,-1.230080,-4.9920049365e-03,-3.3533107741e-01,-6.4126817968e-03
C-O_total,-1.180080,-4.8364878523e-03,-3.1886686216e-01,-6.0978294596e-03
C-O_total,-1.130080,-4.6751776717e-03,-2.9943916999e-01,-5.7263052666e-03
C-O_total,-1.080080,-4.5230877579e-03,-2.8083021544e-01,-5.3704381486e-03
C-O_total,-1.030080,-4.3915010489e-03,-2.6522609338e-01,-5.0720337469e-03
C-O_total,-0.980080,-4.2861478756e-03,-2.5259817076e-01,-4.8305444995e-03
C-O_total,-0.930080,-4.2069170062e-03,-2.4135345571e-01,-4.6155069311e-03
C-O_total,-0.880080,-4.1487541916e-03,-2.2976769001e-01,-4.3939473030e-03
C-O_total,-0.830080,-4.1032970319e-03,-2.1730671788e-01,-4.1556507223e-03
C-O_total,-0.780080,-4.0609871083e-03,-2.0502230999e-01,-3.9207306563e-03
C-O_total,-0.730080,-4.0135050406e-03,-1.9480970277e-01,-3.7254305341e-03
C-O_total,-0.680080,-3.9561664883e-03,-1.8821975459e-01,-3.5994080935e-03
C-O_total,-0.630080,-3.8895686501e-03,-1.8571823060e-01,-3.5515703641e-03
C-O_total,-0.580080,-3.8197167891e-03,-1.8672391061e-01,-3.5708024197e-03
C-O_total,-0.530080,-3.7563714244e-03,-1.9024576302e-01,-3.6381523324e-03
C-O_total,-0.480080,-3.7102597656e-03,-1.9538673583e-01,-3.7364653878e-03
C-O_total,-0.430080,-3.6905132652e-03,-2.0138442649e-01,-3.8511618305e-03
C-O_total,-0.380080,-3.7036690261e-03,-2.0734743017e-01,-3.9651949390e-03
C-O_total,-0.330080,-3.7547054942e-03,-2.1219914821e-01,-4.0579764499e-03
C-O_total,-0.280080,-3.8493411038e-03,-2.1506686353e-01,-4.1128170150e-03
C-O_total,-0.230080,-3.9959489587e-03,-2.1595590066e-01,-4.1298184581e-03
C-O_total,-0.180080,-4.2054646980e-03,-2.1606407821e-01,-4.1318871844e-03
C-O_total,-0.130080,-4.4885932816e-03,-2.1731525833e-01,-4.1558140450e-03
C-O_total,-0.080080,-4.8509577247e-03,-2.2147350559e-01,-4.2353340129e-03
C-O_total,-0.030080,-5.2878980891e-03,-2.2926360263e-01,-4.3843074212e-03
C-O_total,0.019920,-5.7809342236e-03,-2.4011569120e-01,-4.5918366230e-03
C-O_total,0.069920,-6.2973769760e-03,-2.5256016161e-01,-4.8298176342e-03
C-O_total,0.119920,-6.7935265438e-03,-2.6491046280e-01,-5.0659978063e-03
C-O_total,0.169920,-7.2208257802e-03,-2.7574201516e-01,-5.2731342854e-03
C-O_total,0.219920,-7.5336434610e-03,-2.8387922202e-01,-5.4287456254e-03
C-O_total,0.269920,-7.6971885977e-03,-2.8812188547e-01,-5.5098799208e-03
C-O_total,0.319920,-7.6942780557e-03,-2.8705091562e-01,-5.4893992992e-03
C-O_total,0.369920,-7.5300481679e-03,-2.7937675978e-01,-5.3426430848e-03
C-O_total,0.419920,-7.2340214432e-03,-2.6470810892e-01,-5.0621281052e-03
C-O_total,0.469920,-6.8591661836e-03,-2.4440852554e-01,-4.6739303580e-03
C-O_total,0.519920,-6.4777942308e-03,-2.2209430281e-01,-4.2472057878e-03
C-O_total,0.569920,-6.1744149200e-03,-2.0348179569e-01,-3.8912707324e-03
C-O_total,0.619920,-6.0360040402e-03,-1.9542544584e-01,-3.7372056561e-03
C-O_total,0.669920,-6.1404749690e-03,-2.0431454110e-01,-3.9071956845e-03
C-O_total,0.719920,-6.5443839477e-03,-2.3422700180e-01,-4.4792246586e-03
C-O_total,0.769920,-7.2711034996e-03,-2.8533415520e-01,-5.4565689442e-03
C-O_total,0.819920,-8.3010101574e-03,-3.5333090184e-01,-6.7569002549e-03
C-O_total,0.869920,-9.5657575142e-03,-4.3018949132e-01,-8.2267004343e-03
C-O_total,0.919920,-1.0949251821e-02,-5.0611695930e-01,-9.6786943727e-03
C-O_total,0.969920,-1.2297928743e-02,-5.7177040096e-01,-1.0934213645e-02
C-O_total,1.019920,-1.3441621137e-02,-6.1956066640e-01,-1.1848127642e-02
C-O_total,1.069920,-1.4223426808e-02,-6.4398503890e-01,-1.2315205522e-02
C-O_total,1.119920,-1.4533226542e-02,-6.4194901038e-01,-1.2276269665e-02
C-O_total,1.169920,-1.4336516638e-02,-6.1400364452e-01,-1.1741858300e-02
C-O_total,1.219920,-1.3689836606e-02,-5.6632866720e-01,-1.0830149007e-02
C-O_total,1.269920,-1.2737153310e-02,-5.1169712747e-01,-9.7854063516e-03
C-O_total,1.319920,-1.1687252659e-02,-4.6749706704e-01,-8.9401494040e-03
C-O_total,1.369920,-1.0778168503e-02,-4.5048867943e-01,-8.6148906226e-03
C-O_total,1.419920,-1.0238341958e-02,-4.7058803472e-01,-8.9992593210e-03
C-O_total,1.469920,-1.0254065649e-02,-5.2714500898e-01,-1.0080822897e-02
C-O_total,1.519920,-1.0949203252e-02,-6.1048683959e-01,-1.1674604912e-02
C-O_total,1.569920,-1.2378102235e-02,-7.0801633553e-01,-1.3539703811e-02
C-O_total,1.619920,-1.4528374618e-02,-8.1057380810e-01,-1.5500954890e-02
C-O_total,1.669920,-1.7328383694e-02,-9.1480441740e-01,-1.7494202089e-02
C-O_total,1.719920,-2.0655079944e-02,-1.0208066607e+00,-1.9521329015e-02
C-O_total,1.769920,-2.4340368620e-02,-1.1288285654e+00,-2.1587078803e-02
C-O_total,1.819920,-2.8177067518e-02,-1.2389349571e+00,-2.3692691140e-02
C-O_total,1.869920,-3.1927493545e-02,-1.3534518755e+00,-2.5882647895e-02
C-O_total,1.919920,-3.5338136935e-02,-1.4791161560e+00,-2.8285780495e-02
C-O_total,1.969920,-3.8162790773e-02,-1.6248343815e+00,-3.1072413393e-02
C-O_total,2.019920,-4.0194537003e-02,-1.7942846140e+00,-3.4312883766e-02
C-O_total,2.069920,-4.1304915441e-02,-1.9755165563e+00,-3.7778660891e-02
C-O_total,2.119920,-4.1486673659e-02,-2.1347080511e+00,-4.0822948968e-02
C-O_total,2.169920,-4.0894180267e-02,-2.2216682582e+00,-4.2485926767e-02
C-O_total,2.219920,-3.9872219487e-02,-2.1904290525e+00,-4.1888525872e-02
C-O_total,2.269920,-3.8960047601e-02,-2.0265587709e+00,-3.8754763325e-02
C-O_total,2.319920,-3.8855954429e-02,-1.7650592101e+00,-3.3753993677e-02
C-O_total,2.369920,-4.0331966837e-02,-1.4863440973e+00,-2.8424003556e-02
C-O_total,2.419920,-4.4101052695e-02,-1.2908325499e+00,-2.4685151341e-02
C-O_total,2.469920,-5.0658249020e-02,-1.2655767504e+00,-2.4202173722e-02
C-O_total,2.519920,-6.0135640433e-02,-1.4563094972e+00,-2.7849638856e-02
C-O_total,2.569920,-7.2219590992e-02,-1.8533362358e+00,-3.5442153570e-02
C-O_total,2.619920,-8.6169503452e-02,-2.3933993216e+00,-4.5770014461e-02
C-O_total,2.669920,-1.0094941046e-01,-2.9784767265e+00,-5.6958703720e-02
C-O_total,2.719920,-1.1544444374e-01,-3.5079669633e+00,-6.7084375426e-02
C-O_total,2.769920,-1.2869888108e-01,-3.9172788829e+00,-7.4911824992e-02
C-O_total,2.819920,-1.4009843981e-01,-4.2051925299e+00,-8.0417722678e-02
C-O_total,2.869920,-1.4943760176e-01,-4.4339926750e+00,-8.4793167200e-02
C-O_total,2.919920,-1.5685899291e-01,-4.6933869154e+00,-8.9753675889e-02
C-O_total,2.969920,-1.6270546161e-01,-5.0419016776e+00,-9.6418475016e-02
C-O_total,3.019920,-1.6735793196e-01,-5.4580577893e+00,-1.0437680904e-01
C-O_total,3.069920,-1.7112412457e-01,-5.8386632077e+00,-1.1165529171e-01
C-O_total,3.119920,-1.7419987031e-01,-6.0540970750e+00,-1.1577512710e-01
C-O_total,3.169920,-1.7667535245e-01,-6.0304068342e+00,-1.1532208834e-01
C-O_total,3.219920,-1.7853823311e-01,-5.8000245881e+00,-1.1091638861e-01
C-O_total,3.269920,-1.7964887687e-01,-5.4816654908e+00,-1.0482826936e-01
C-O_total,3.319920,-1.7971068264e-01,-5.2017613325e+00,-9.9475540608e-02
C-O_total,3.369920,-1.7829048668e-01,-5.0150355626e+00,-9.5904702633e-02
C-O_total,3.419920,-1.7492937617e-01,-4.8821820886e+00,-9.3364087962e-02
C-O_total,3.469920,-1.6932762916e-01,-4.7173847486e+00,-9.0212596874e-02
C-O_total,3.519920,-1.6152761321e-01,-4.4641347676e+00,-8.5369587524e-02
C-O_total,3.569920,-1.5199990361e-01,-4.1412055866e+00,-7.9194072577e-02
C-O_total,3.619920,-1.4157740622e-01,-3.8288589168e+00,-7.3220931587e-02
C-O_total,3.669920,-1.3125634477e-01,-3.6155876197e+00,-6.9142451969e-02
C-O_total,3.719920,-1.2194544391e-01,-3.5501898564e+00,-6.7891822144e-02
C-O_total,3.769920,-1.1425987556e-01,-3.6315144134e+00,-6.9447026960e-02
C-O_total,3.819920,-1.0842228363e-01,-3.8291518173e+00,-7.3226532850e-02
C-O_total,3.869920,-1.0427749914e-01,-4.1033200259e+00,-7.8469570550e-02
C-O_total,3.919920,-1.0138523726e-01,-4.4023547437e+00,-8.4188141301e-02
C-O_total,3.969920,-9.9143856381e-02,-4.6489190126e+00,-8.8903296875e-02
C-O_total,4.019920,-9.6911705944e-02,-4.7473746628e+00,-9.0786107025e-02
C-O_total,4.069920,-9.4111527933e-02,-4.6248056214e+00,-8.8442166025e-02
C-O_total,4.119920,-9.0313303293e-02,-4.2810604389e+00,-8.1868577645e-02
C-O_total,4.169920,-8.5290829947e-02,-3.8044372571e+00,-7.2753905585e-02
C-O_total,4.219920,-7.9045367149e-02,-3.3374844214e+00,-6.3824163753e-02
C-O_total,4.269920,-7.1792892577e-02,-3.0169481688e+00,-5.7694409814e-02
C-O_total,4.319920,-6.3919518894e-02,-2.9312101397e+00,-5.6054804256e-02
C-O_total,4.369920,-5.5916751459e-02,-3.1120287133e+00,-5.9512676353e-02
C-O_total,4.419920,-4.8309974142e-02,-3.5457936872e+00,-6.7807752291e-02
C-O_total,4.469920,-4.1590229211e-02,-4.1787783064e+00,-7.9912592012e-02
C-O_total,4.519920,-3.6154945214e-02,-4.9125092817e+00,-9.3944048045e-02
C-O_total,4.569920,-3.2261102879e-02,-5.6133683124e+00,-1.0734687961e-01
C-O_total,4.619920,-2.9994646848e-02,-6.1537601696e+00,-1.1768102774e-01
C-O_total,4.669920,-2.9260666203e-02,-6.4737928207e+00,-1.2380115108e-01
C-O_total,4.719920,-2.9797961064e-02,-6.6184133360e+00,-1.2656679199e-01
C-O_total,4.769920,-3.1218575778e-02,-6.7155682406e+00,-1.2842472742e-01
C-O_total,4.819920,-3.3068404276e-02,-6.8988969958e+00,-1.3193060281e-01
C-O_total,4.869920,-3.4900022867e-02,-7.2219633041e+00,-1.3810874010e-01
C-O_total,4.919920,-3.6344456605e-02,-7.6182873030e+00,-1.4568781602e-01
C-O_total,4.969920,-3.7166088488e-02,-7.9326083061e+00,-1.5169871304e-01
C-O_total,5.019920,-3.7286409080e-02,-8.0037453920e+00,-1.5305909842e-01
C-O_total,5.069920,-3.6769311648e-02,-7.7477205587e+00,-1.4816302437e-01
C-O_total,5.119920,-3.5772393602e-02,-7.1944277738e+00,-1.3758216620e-01
C-O_total,5.169920,-3.4481190391e-02,-6.4616157402e+00,-1.2356828349e-01
C-O_total,5.219920,-3.3050402909e-02,-5.6857190744e+00,-1.0873047464e-01
C-O_total,5.269920,-3.1573277544e-02,-4.9574227135e+00,-9.4802947103e-02
C-O_total,5.319920,-3.0087412931e-02,-4.3017641213e+00,-8.2264503152e-02
C-O_total,5.369920,-2.8608153243e-02,-3.7162310196e+00,-7.1067099404e-02
C-O_total,5.419920,-2.7168106159e-02,-3.2303878456e+00,-6.1776109432e-02
C-O_total,5.469920,-2.5839867320e-02,-2.9336929170e+00,-5.6102283485e-02
C-O_total,5.519920,-2.4729301861e-02,-2.9347859286e+00,-5.6123185620e-02
C-O_total,5.569920,-2.3942823131e-02,-3.2727440116e+00,-6.2586104785e-02
C-O_total,5.619920,-2.3545247481e-02,-3.8433631844e+00,-7.3498302994e-02
C-O_total,5.669920,-2.3528465729e-02,-4.4046623160e+00,-8.4232270008e-02
C-O_total,5.719920,-2.3804479174e-02,-4.6765626137e+00,-8.9431937463e-02
C-O_total,5.769920,-2.4223963079e-02,-4.4808448195e+00,-8.5689141101e-02
C-O_total,5.819920,-2.4610528718e-02,-3.8296646768e+00,-7.3236340485e-02
C-O_total,5.869920,-2.4796696409e-02,-2.9049811370e+00,-5.5553215650e-02
C-O_total,5.919920,-2.4651260093e-02,-1.9516782362e+00,-3.7322790346e-02
C-O_total,5.969920,-2.4095591700e-02,-1.1600523639e+00,-2.2184185058e-02
C-O_total,6.019920,-2.3112738487e-02,-6.0981458898e-01,-1.1661749172e-02
C-O_total,6.069920,-2.1753788051e-02,-2.8337552164e-01,-5.4191131443e-03
C-O_total,6.119920,-2.0141197448e-02,-1.1641259976e-01,-2.2262086925e-03
C-O_total,6.169920,-1.8463080813e-02,-4.2261536006e-02,-8.0818570334e-04
C-O_total,6.219920,-1.6951222137e-02,-1.3554636871e-02,-2.5921120642e-04
C-O_total,6.269920,-1.5841059256e-02,-3.8382645123e-03,-7.3400798873e-05
C-O_total,6.319920,-1.5321316607e-02,-9.5407821229e-04,-1.8245251922e-05
C-O_total,6.369920,-1.5488494021e-02,-2.0560143626e-04,-3.9318055395e-06
C-O_total,6.419920,-1.6322207854e-02,-3.6904049471e-05,-7.0573216207e-07
C-O_total,6.469920,-1.7690749970e-02,0.0000000000e+00,0.0000000000e+00
C-O_total,6.519920,-1.9385652798e-02,0.0000000000e+00,0.0000000000e+00
C-O_total,6.569920,-2.1174519244e-02,0.0000000000e+00,0.0000000000e+00
C-O_total,6.619920,-2.2856558685e-02,0.0000000000e+00,0.0000000000e+00
C-O_total,6.669920,-2.4306320412e-02,0.0000000000e+00,0.0000000000e+00
C-O_total,6.719920,-2.5497094425e-02,0.0000000000e+00,0.0000000000e+00
C-O_total,6.769920,-2.6504010258e-02,0.0000000000e+00,0.0000000000e+00
C-O_total,6.819920,-2.7494549755e-02,0.0000000000e+00,0.0000000000e+00
C-O_total,6.869920,-2.8717075667e-02,0.0000000000e+00,0.0000000000e+00
C-O_total,6.919920,-3.0493608195e-02,0.0000000000e+00,0.0000000000e+00
C-O_total,6.969920,-3.3213011642e-02,0.0000000000e+00,0.0000000000e+00
C-O_total,7.019920,-3.7311270364e-02,0.0000000000e+00,0.0000000000e+00
C-O_total,7.069920,-4.3224525532e-02,0.0000000000e+00,0.0000000000e+00
C-O_total,7.119920,-5.1311572613e-02,0.0000000000e+00,0.0000000000e+00
C-O_total,7.169920,-6.1760535651e-02,0.0000000000e+00,0.0000000000e+00
C-O_total,7.219920,-7.4507757647e-02,0.0000000000e+00,0.0000000000e+00
C-O_total,7.269920,-8.9195633499e-02,0.0000000000e+00,0.0000000000e+00
C-O_total,7.319920,-1.0518067059e-01,0.0000000000e+00,0.0000000000e+00
C-O_total,7.369920,-1.2158533433e-01,0.0000000000e+00,0.0000000000e+00
C-O_total,7.419920,-1.3738079633e-01,0.0000000000e+00,0.0000000000e+00
C-O_total,7.469920,-1.5149496141e-01,0.0000000000e+00,0.0000000000e+00
C-O_total,7.519920,-1.6294845404e-01,0.0000000000e+00,0.0000000000e+00
C-O_total,7.569920,-1.7101391609e-01,0.0000000000e+00,0.0000000000e+00
C-O_total,7.619920,-1.7536807007e-01,0.0000000000e+00,0.0000000000e+00
C-O_total,7.669920,-1.7617999316e-01,0.0000000000e+00,0.0000000000e+00
C-O_total,7.719920,-1.7408041898e-01,0.0000000000e+00,0.0000000000e+00
C-O_total,7.769920,-1.6999814715e-01,0.0000000000e+00,0.0000000000e+00
C-O_total,7.819920,-1.6491345932e-01,0.0000000000e+00,0.0000000000e+00
C-O_total,7.869920,-1.5962639499e-01,0.0000000000e+00,0.0000000000e+00
C-O_total,7.919920,-1.5463706605e-01,0.0000000000e+00,0.0000000000e+00
C-O_total,7.969920,-1.5018234845e-01,0.0000000000e+00,0.0000000000e+00
C-O_total,8.019920,-1.4639643724e-01,0.0000000000e+00,0.0000000000e+00
