energy_ev,abacus_sp_sp_minus_cohp,abacus_all_nao_minus_cohp,lobster_main_minus_pcohp
-22.027530,1.0145370650e-02,1.1766390923e-02,-0.0000000000e+00
-21.977530,8.7286824953e-03,1.0099728843e-02,0.0000000000e+00
-21.927530,7.1704468886e-03,8.2760869183e-03,0.0000000000e+00
-21.877530,5.6353809323e-03,6.4876267346e-03,0.0000000000e+00
-21.827530,4.2538110684e-03,4.8846934069e-03,0.0000000000e+00
-21.777530,3.1117803717e-03,3.5649413869e-03,0.0000000000e+00
-21.727530,2.2520107409e-03,2.5752829004e-03,0.0000000000e+00
-21.677530,1.6811266764e-03,1.9210139267e-03,0.0000000000e+00
-21.627530,1.3786253081e-03,1.5766780242e-03,0.0000000000e+00
-21.577530,1.3046348775e-03,1.4951946297e-03,0.0000000000e+00
-21.527530,1.4056791511e-03,1.6144204757e-03,0.0000000000e+00
-21.477530,1.6196332352e-03,1.8626355068e-03,0.0000000000e+00
-21.427530,1.8820464460e-03,2.1655694295e-03,0.0000000000e+00
-21.377530,2.1355118682e-03,2.4569649700e-03,2.8530763084e-04
-21.327530,2.3418781689e-03,2.6924616661e-03,2.5303755493e-03
-21.277530,2.4946619972e-03,2.8637637498e-03,7.3887834598e-03
-21.227530,2.6272681120e-03,3.0080557721e-03,1.4859610545e-02
-21.177530,2.8125573636e-03,3.2075825340e-03,2.4945077907e-02
-21.127530,3.1511603090e-03,3.5764635536e-03,3.7644294846e-02
-21.077530,3.7491466344e-03,4.2354802457e-03,5.2957231322e-02
-21.027530,4.6891933945e-03,5.2795514184e-03,7.0890129818e-02
-20.977530,6.0021490580e-03,6.7456556936e-03,9.1439880144e-02
-20.927530,7.6469277350e-03,8.5900516333e-03,1.1459371354e-01
-20.877530,9.5053763098e-03,1.0682163705e-02,1.4037071914e-01
-20.827530,1.1395150088e-02,1.2818508041e-02,1.5957959856e-01
-20.777530,1.3098662122e-02,1.4754586738e-02,1.5052944467e-01
-20.727530,1.4401598857e-02,1.6247686047e-02,1.4360135038e-01
-20.677530,1.5132080327e-02,1.7100844739e-02,1.4259733972e-01
-20.627530,1.5192012600e-02,1.7198663362e-02,1.4688373751e-01
-20.577530,1.4574840389e-02,1.6528354435e-02,1.5265920695e-01
-20.527530,1.3367303855e-02,1.5182980433e-02,1.5857848382e-01
-20.477530,1.1735813711e-02,1.3347087421e-02,1.6458675055e-01
-20.427530,9.9003948253e-03,1.1267683414e-02,1.7068589293e-01
-20.377530,8.1009154687e-03,9.2158072336e-03,1.7688445465e-01
-20.327530,6.5613400097e-03,7.4454295409e-03,1.8316362365e-01
-20.277530,5.4575677630e-03,6.1564333731e-03,1.8954050929e-01
-20.227530,4.8930341314e-03,5.4668113835e-03,1.9600874950e-01
-20.177530,4.8845220946e-03,5.3969922957e-03,2.0256682980e-01
-20.127530,5.3597224193e-03,5.8678130553e-03,2.0922422093e-01
-20.077530,6.1681913006e-03,6.7134983997e-03,2.1597057320e-01
-20.027530,7.1071523723e-03,7.7107461803e-03,2.2279840991e-01
-19.977530,7.9612004511e-03,8.6225764601e-03,2.2972509788e-01
-19.927530,8.5499146832e-03,9.2503586129e-03,2.3675154614e-01
-19.877530,8.7717732249e-03,9.4815361710e-03,2.4371553825e-01
-19.827530,8.6303085749e-03,9.3179969962e-03,2.5018567519e-01
-19.777530,8.2319197722e-03,8.8737772364e-03,2.5604274670e-01
-19.727530,7.7536911901e-03,8.3403624731e-03,2.6130015781e-01
-19.677530,7.3901585310e-03,7.9291984156e-03,2.6594872379e-01
-19.627530,7.2953502172e-03,7.8089420230e-03,2.6998028765e-01
-19.577530,7.5375857677e-03,8.0562378535e-03,2.7341216940e-01
-19.527530,8.0796464464e-03,8.6336400245e-03,2.7622673592e-01
-19.477530,8.7887059039e-03,9.3995576076e-03,2.7844111045e-01
-19.427530,9.4719555943e-03,1.0146091253e-02,2.8003872153e-01
-19.377530,9.9273515185e-03,1.0653610849e-02,2.8103652417e-01
-19.327530,9.9954172387e-03,1.0747020965e-02,2.8235911906e-01
-19.277530,9.5981194973e-03,1.0338524295e-02,2.8470373677e-01
-19.227530,8.7547264386e-03,9.4456974745e-03,2.8766025170e-01
-19.177530,7.5716368886e-03,8.1812717235e-03,2.9120469836e-01
-19.127530,6.2113660667e-03,6.7199650017e-03,2.9507725584e-01
-19.077530,4.8520840263e-03,5.2546269350e-03,2.9900031362e-01
-19.027530,3.6507037032e-03,3.9558825696e-03,3.0294410507e-01
-18.977530,2.7190033119e-03,2.9457590728e-03,3.0690784858e-01
-18.927530,2.1157247651e-03,2.2886762810e-03,3.1087235870e-01
-18.877530,1.8514956902e-03,1.9964825969e-03,3.1486517779e-01
-18.827530,1.9005914725e-03,2.0410372930e-03,3.1886038354e-01
-18.777530,2.2145683402e-03,2.3688696489e-03,3.2288315621e-01
-18.727530,2.7358987890e-03,2.9158089741e-03,3.2690758738e-01
-18.677530,3.4121252920e-03,3.6221417997e-03,3.3096017978e-01
-18.627530,4.2107237063e-03,4.4486227763e-03,3.3502446464e-01
-18.577530,5.1319496414e-03,5.3906104208e-03,3.3909872553e-01
-18.527530,6.2136616145e-03,6.4840602724e-03,3.4319134212e-01
-18.477530,7.5214916321e-03,7.7962940963e-03,3.4729546944e-01
-18.427530,9.1216084682e-03,9.3983707904e-03,3.5141874551e-01
-18.377530,1.1040916360e-02,1.1323770523e-02,3.5556197363e-01
-18.327530,1.3227486620e-02,1.3526498364e-02,3.5972439784e-01
-18.277530,1.5527980205e-02,1.5856075705e-02,3.6390744906e-01
-18.227530,1.7695779792e-02,1.8064020359e-02,3.6811958050e-01
-18.177530,1.9433625318e-02,1.9846322235e-02,3.7236164003e-01
-18.127530,2.0461254398e-02,2.0912638449e-02,3.7662383064e-01
-18.077530,2.0587454500e-02,2.1061190985e-02,3.8090665601e-01
-18.027530,1.9762235480e-02,2.0234115033e-02,3.8520951658e-01
-17.977530,1.8090864664e-02,1.8533867268e-02,3.8954131842e-01
-17.927530,1.5805290559e-02,1.6195387598e-02,3.9375865788e-01
-17.877530,1.3204227711e-02,1.3525107497e-02,3.9579442070e-01
-17.827530,1.0583895075e-02,1.0829320353e-02,3.9732268877e-01
-17.777530,8.1824662872e-03,8.3559218004e-03,3.9945557930e-01
-17.727530,6.1529051420e-03,6.2651260283e-03,4.0226947074e-01
-17.677530,4.5657853899e-03,4.6312992670e-03,4.0547682381e-01
-17.627530,3.4323681261e-03,3.4661999978e-03,4.0875853376e-01
-17.577530,2.7331876969e-03,2.7484862344e-03,4.1207066906e-01
-17.527530,2.4394117391e-03,2.4462158086e-03,4.1541324211e-01
-17.477530,2.5207752566e-03,2.5256962047e-03,4.1878581702e-01
-17.427530,2.9412750331e-03,2.9476584706e-03,4.2218832002e-01
-17.377530,3.6491229035e-03,3.6572835131e-03,4.2562898143e-01
-17.327530,4.5692166284e-03,4.5765363360e-03,4.2909241710e-01
-17.277530,5.6044060410e-03,5.6053425068e-03,4.3258469836e-01
-17.227530,6.6470143037e-03,6.6332782516e-03,4.3610690771e-01
-17.177530,7.5964355411e-03,7.5576773730e-03,4.3966720791e-01
-17.127530,8.3749548715e-03,8.3002039497e-03,4.4325039353e-01
-17.077530,8.9345288982e-03,8.8143594642e-03,4.4686238114e-01
-17.027530,9.2522625292e-03,9.0812993299e-03,4.5055680583e-01
-16.977530,9.3189856652e-03,9.0980580505e-03,4.5458500899e-01
-16.927530,9.1294153296e-03,8.8665860689e-03,4.5907884139e-01
-16.877530,8.6809787092e-03,8.3909109636e-03,4.6403419896e-01
-16.827530,7.9821954909e-03,7.6838340959e-03,4.6945715541e-01
-16.777530,7.0646587769e-03,6.7777949643e-03,4.7534795087e-01
-16.727530,5.9897184674e-03,5.7314167696e-03,4.8169972833e-01
-16.677530,4.8438131731e-03,4.6257118631e-03,4.8852788654e-01
-16.627530,3.7229405132e-03,3.5500790178e-03,4.9582624251e-01
-16.577530,2.7127058268e-03,2.5839585740e-03,5.0603664669e-01
-16.527530,1.8723193982e-03,1.7819868834e-03,5.1983330404e-01
-16.477530,1.2283303719e-03,1.1681607440e-03,5.3334230923e-01
-16.427530,7.7898660267e-04,7.3993254723e-04,5.4596069916e-01
-16.377530,5.0584293134e-04,4.7911380739e-04,5.5759476133e-01
-16.327530,3.8738867296e-04,3.6468831286e-04,5.6823307032e-01
-16.277530,4.1000876274e-04,3.8313203213e-04,5.7785697363e-01
-16.227530,5.7339685044e-04,5.3353667229e-04,5.8648042549e-01
-16.177530,8.8948354616e-04,8.2666896785e-04,5.9409645896e-01
-16.127530,1.3755814291e-03,1.2786304412e-03,6.0070617259e-01
-16.077530,2.0438640834e-03,1.9010842992e-03,6.0630852577e-01
-16.027530,2.8905106201e-03,2.6911166880e-03,6.1091180184e-01
-15.977530,3.8884061485e-03,3.6242978057e-03,6.1449991212e-01
-15.927530,4.9864738115e-03,4.6537612563e-03,6.1708810228e-01
-15.877530,6.1162802329e-03,5.7159162149e-03,6.1867032960e-01
-15.827530,7.2033705863e-03,6.7405437693e-03,6.1924490713e-01
-15.777530,8.1786461276e-03,7.6611290709e-03,6.1882060328e-01
-15.727530,8.9855590890e-03,8.4217275324e-03,6.1738185777e-01
-15.677530,9.5819360247e-03,8.9793715847e-03,6.1515273272e-01
-15.627530,9.9388746306e-03,9.3041683637e-03,6.1312515279e-01
-15.577530,1.0040721473e-02,9.3804384192e-03,6.1175312026e-01
-15.527530,9.8883394411e-03,9.2104548764e-03,6.1108932281e-01
-15.477530,9.5040014993e-03,8.8188661964e-03,6.1113382341e-01
-15.427530,8.9333326522e-03,8.2535156437e-03,6.1189482724e-01
-15.377530,8.2402090499e-03,7.5792108753e-03,6.2357144626e-01
-15.327530,7.4943237735e-03,6.8647517250e-03,8.5523489013e-01
-15.277530,6.7556739840e-03,6.1676841695e-03,9.4662817020e-01
-15.227530,6.0624359720e-03,5.5230034629e-03,7.3770092870e-01
-15.177530,5.4272235596e-03,4.9403069132e-03,6.5283464842e-01
-15.127530,4.8427086213e-03,4.4099410499e-03,6.3294350380e-01
-15.077530,4.2935406338e-03,3.9149209046e-03,6.1941480823e-01
-15.027530,3.7694821290e-03,3.4436704862e-03,6.0645342121e-01
-14.977530,3.2751206318e-03,2.9992327839e-03,5.9403416700e-01
-14.927530,2.8334743702e-03,2.6025400271e-03,5.8217784658e-01
-14.877530,2.4829745818e-03,2.2893769599e-03,5.7126801039e-01
-14.827530,2.2689234309e-03,2.1021379208e-03,5.6141189734e-01
-14.777530,2.2315677360e-03,2.0784028703e-03,5.5214506792e-01
-14.727530,2.3936801001e-03,2.2390436604e-03,5.4335036356e-01
-14.677530,2.7510558481e-03,2.5790804656e-03,5.3504086097e-01
-14.627530,3.2692265277e-03,3.0644564413e-03,5.2721329339e-01
-14.577530,3.8884018502e-03,3.6367297324e-03,5.1987164203e-01
-14.527530,4.5360656135e-03,4.2252479695e-03,5.1301040352e-01
-14.477530,5.1435798418e-03,4.7634070326e-03,5.0661990012e-01
-14.427530,5.6611870782e-03,5.2036031862e-03,5.0072351708e-01
-14.377530,6.0663673993e-03,5.5258558033e-03,4.9530085098e-01
-14.327530,6.3636535877e-03,5.7379469731e-03,4.9038721934e-01
-14.277530,6.5779703762e-03,5.8687302349e-03,4.9037914919e-01
-14.227530,6.7457616088e-03,5.9586053297e-03,4.9411799840e-01
-14.177530,6.9071519162e-03,6.0505810249e-03,4.9754227327e-01
-14.127530,7.0992012056e-03,6.1826323368e-03,4.9980737915e-01
-14.077530,7.3479236660e-03,6.3797889104e-03,5.0090711204e-01
-14.027530,7.6577116514e-03,6.6449039483e-03,5.0100799640e-01
-13.977530,8.0009274839e-03,6.9503247685e-03,5.0036690372e-01
-13.927530,8.3144771879e-03,7.2360207382e-03,4.9846316221e-01
-13.877530,8.5102082135e-03,7.4197169200e-03,4.9511355902e-01
-13.827530,8.5005081151e-03,7.4199228204e-03,4.9030731522e-01
-13.777530,8.2320728047e-03,7.1856001568e-03,4.8405236117e-01
-13.727530,7.7145436326e-03,6.7209565096e-03,4.7633502996e-01
-13.677530,7.0307274111e-03,6.0940507211e-03,4.6716855003e-01
-13.627530,6.3218031534e-03,5.4238415011e-03,4.5655473232e-01
-13.577530,5.7508198007e-03,4.8489203682e-03,4.4447821814e-01
-13.527530,5.4560535127e-03,4.4881645200e-03,4.3095098082e-01
-13.477530,5.5091474339e-03,4.4060805108e-03,4.1596389654e-01
-13.427530,5.8909964955e-03,4.5934587373e-03,3.9953242909e-01
-13.377530,6.4927102427e-03,4.9687891331e-03,3.8164024371e-01
-13.327530,7.1417656950e-03,5.3997463540e-03,3.6228940871e-01
-13.277530,7.6463221138e-03,5.7384663800e-03,3.4149318754e-01
-13.227530,7.8451412948e-03,5.8604296033e-03,3.1924055533e-01
-13.177530,7.6483901878e-03,5.6956201638e-03,2.9553049940e-01
-13.127530,7.0571986633e-03,5.2430279890e-03,2.7037171994e-01
-13.077530,6.1569734444e-03,4.5651462532e-03,2.4376283403e-01
-13.027530,5.0885748982e-03,3.7659389573e-03,2.1569476229e-01
-12.977530,4.0086172218e-03,2.9609434077e-03,2.8109978426e-01
-12.927530,3.0522589639e-03,2.2495381043e-03,1.2790409908e-01
-12.877530,2.3085135059e-03,1.6967579199e-03,6.1734955063e-02
-12.827530,1.8117258727e-03,1.3272153693e-03,4.4372724730e-02
-12.777530,1.5469225790e-03,1.1292824727e-03,2.9553497803e-02
-12.727530,1.4636605259e-03,1.0654590085e-03,1.7295302576e-02
-12.677530,1.4930174957e-03,1.0849330646e-03,2.3016747903e-02
-12.627530,1.5640421371e-03,1.1356333687e-03,6.5420163804e-02
-12.577530,1.6176216887e-03,1.1743147412e-03,1.1586708350e-01
-12.527530,1.6165424886e-03,1.1738251618e-03,1.5966823647e-01
-12.477530,1.5507963636e-03,1.1268903596e-03,1.9522445066e-01
-12.427530,1.4376059026e-03,1.0460299247e-03,2.2248022373e-01
-12.377530,1.3164908745e-03,9.5981417635e-04,2.4271087495e-01
-12.327530,1.2406326198e-03,9.0635075925e-04,2.5834582984e-01
-12.277530,1.2662496207e-03,9.2525812167e-04,2.6799815421e-01
-12.227530,1.4414993233e-03,1.0493105855e-03,2.7095672393e-01
-12.177530,1.7960001582e-03,1.2967119579e-03,2.6720142629e-01
-12.127530,2.3320801313e-03,1.6649915314e-03,2.6815774116e-01
-12.077530,3.0195135441e-03,2.1279096471e-03,2.8866914902e-01
-12.027530,3.7961959013e-03,2.6370543811e-03,3.1673036556e-01
-11.977530,4.5768248743e-03,3.1292833357e-03,3.4692122653e-01
-11.927530,5.2694855199e-03,3.5394519877e-03,3.7915227681e-01
-11.877530,5.7965658561e-03,3.8154686065e-03,4.1343870955e-01
-11.827530,6.1133982729e-03,3.9308946114e-03,4.4978185777e-01
-11.777530,6.2175101297e-03,3.8903812455e-03,4.8817262885e-01
-11.727530,6.1443747786e-03,3.7256263758e-03,5.2860982824e-01
-11.677530,5.9510818482e-03,3.4833314086e-03,5.7109824011e-01
-11.627530,5.6947060611e-03,3.2099792161e-03,6.1308046145e-01
-11.577530,5.4144701205e-03,2.9394055942e-03,6.4419317020e-01
-11.527530,5.1247500297e-03,2.6875250369e-03,6.7685770521e-01
-11.477530,4.8206271027e-03,2.4551027025e-03,7.1909369157e-01
-11.427530,4.4918540005e-03,2.2359448221e-03,7.7178374351e-01
-11.377530,4.1376564831e-03,2.0259607761e-03,8.3492867359e-01
-11.327530,3.7751492455e-03,1.8288896899e-03,1.0739985201e+00
-11.277530,3.4377138355e-03,1.6565841650e-03,1.2014671774e+00
-11.227530,3.1644971715e-03,1.5244144766e-03,1.3186753775e+00
-11.177530,2.9860419877e-03,1.4444017461e-03,1.4092498842e+00
-11.127530,2.9124842038e-03,1.4193925531e-03,1.4364288933e+00
-11.077530,2.9294039043e-03,1.4408608015e-03,1.4001942709e+00
-11.027530,3.0030201732e-03,1.4912029262e-03,1.3005492849e+00
-10.977530,3.0924447913e-03,1.5494413826e-03,1.1485894907e+00
-10.927530,3.1638569517e-03,1.5978923055e-03,1.0342493688e+00
-10.877530,3.2009748338e-03,1.6271503848e-03,9.5586014982e-01
-10.827530,3.2082194200e-03,1.6377163051e-03,8.8705721334e-01
-10.777530,3.2063525103e-03,1.6381636163e-03,8.2274536649e-01
-10.727530,3.2233020121e-03,1.6410554538e-03,7.6291351578e-01
-10.677530,3.2839715018e-03,1.6582732307e-03,7.0756733120e-01
-10.627530,3.4019812799e-03,1.6970362904e-03,6.5670320815e-01
-10.577530,3.5746558585e-03,1.7572361535e-03,6.1033189934e-01
-10.527530,3.7815401287e-03,1.8303666942e-03,5.6843792249e-01
-10.477530,3.9867605599e-03,1.9004056854e-03,5.3102771474e-01
-10.427530,4.1458806847e-03,1.9470614402e-03,4.9807831402e-01
-10.377530,4.2173180274e-03,1.9513239042e-03,4.7044682445e-01
-10.327530,4.1764534958e-03,1.9022045127e-03,4.5321192968e-01
-10.277530,4.0281926354e-03,1.8024856858e-03,4.4135123452e-01
-10.227530,3.8126289707e-03,1.6710212285e-03,4.3061242109e-01
-10.177530,3.5998247272e-03,1.5400309675e-03,4.2043073897e-01
-10.127530,3.4733651441e-03,1.4476043445e-03,4.1079976029e-01
-10.077530,3.5067444129e-03,1.4274590941e-03,4.0171686976e-01
-10.027530,3.7398861707e-03,1.4991038561e-03,3.9318266081e-01
-9.977530,4.1638360823e-03,1.6615531801e-03,3.8519822648e-01
-9.927530,4.7195388674e-03,1.8927181198e-03,3.7776871754e-01
-9.877530,5.3122146560e-03,2.1548840992e-03,3.7088346784e-01
-9.827530,5.8374899570e-03,2.4047385699e-03,3.6455082701e-01
-9.777530,6.2109356795e-03,2.6047767466e-03,3.5877762133e-01
-9.727530,6.3909140429e-03,2.7322307684e-03,3.5353482421e-01
-9.677530,6.3867856856e-03,2.7824259899e-03,3.4868599081e-01
-9.627530,6.2500975606e-03,2.7656204154e-03,3.4410732521e-01
-9.577530,6.0530636250e-03,2.6991195869e-03,3.3975489515e-01
-9.527530,5.8633311718e-03,2.5984666365e-03,3.3562844586e-01
-9.477530,5.7244830865e-03,2.4716866050e-03,3.3172431482e-01
-9.427530,5.6480379300e-03,2.3187602013e-03,3.2805385261e-01
-9.377530,5.6171817201e-03,2.1356966682e-03,3.2460882541e-01
-9.327530,5.5981000948e-03,1.9203335829e-03,3.2138987016e-01
-9.277530,5.5533693423e-03,1.6765004860e-03,3.1839354974e-01
-9.227530,5.4531069311e-03,1.4145408582e-03,3.1563067106e-01
-9.177530,5.2817808536e-03,1.1484200740e-03,3.1309339992e-01
-9.127530,5.0402061408e-03,8.9140477796e-04,3.1078220535e-01
-9.077530,4.7430197445e-03,6.5269906959e-04,4.4578408310e-01
-9.027530,4.4125115061e-03,4.3648625849e-04,4.1734640304e-01
-8.977530,4.0706602154e-03,2.4330162084e-04,3.7722434678e-01
-8.927530,3.7322092290e-03,7.2473711472e-05,3.8303057930e-01
-8.877530,3.4016093059e-03,-7.5915777160e-05,3.8978902717e-01
-8.827530,3.0750802696e-03,-2.0050644697e-04,3.9920514080e-01
-8.777530,2.7465154989e-03,-2.9951681721e-04,4.1141468638e-01
-8.727530,2.4139869691e-03,-3.7214074064e-04,4.2641152617e-01
-8.677530,2.0834843942e-03,-4.1946967092e-04,4.4418501398e-01
-8.627530,1.7683033581e-03,-4.4439336731e-04,4.6446960455e-01
-8.577530,1.4849953111e-03,-4.5066928900e-04,4.8734515981e-01
-8.527530,1.2484594742e-03,-4.4187480009e-04,5.1303492409e-01
-8.477530,1.0687581228e-03,-4.2096661038e-04,5.4012284858e-01
-8.427530,9.5089449735e-04,-3.9072603928e-04,5.6522182145e-01
-8.377530,8.9716815873e-04,-3.5480300688e-04,5.8669453855e-01
-8.327530,9.1076253750e-04,-3.1874468971e-04,6.0439454654e-01
-8.277530,9.9914289238e-04,-2.9045032594e-04,6.1832361566e-01
-8.227530,1.1761791002e-03,-2.7980932359e-04,6.2848058518e-01
-8.177530,1.4620702138e-03,-2.9760959043e-04,6.3486792050e-01
-8.127530,1.8800467397e-03,-3.5397521741e-04,6.3705420096e-01
-8.077530,2.4490108229e-03,-4.5660517580e-04,6.3283732721e-01
-8.027530,3.1724470138e-03,-6.0904649997e-04,6.2604588975e-01
-7.977530,4.0261741627e-03,-8.0923599754e-04,6.2025071115e-01
-7.927530,4.9498148255e-03,-1.0485773522e-03,6.1597141430e-01
-7.877530,5.8475331920e-03,-1.3118172259e-03,6.1321522469e-01
-7.827530,6.6013557735e-03,-1.5779037490e-03,6.1851904515e-01
-7.777530,7.0955319818e-03,-1.8218813951e-03,6.5241961047e-01
-7.727530,7.2450373664e-03,-2.0177449378e-03,6.8895873752e-01
-7.677530,7.0183861547e-03,-2.1420341979e-03,7.0441400639e-01
-7.627530,6.4463198832e-03,-2.1777414120e-03,6.9644067519e-01
-7.577530,5.6132720719e-03,-2.1178164331e-03,6.6503415901e-01
-7.527530,4.6351788271e-03,-1.9673315706e-03,6.1957355973e-01
-7.477530,3.6319621583e-03,-1.7434517148e-03,5.9765400240e-01
-7.427530,2.7038410512e-03,-1.4728993176e-03,5.9440350180e-01
-7.377530,1.9177185876e-03,-1.1874770982e-03,5.9362941870e-01
-7.327530,1.3052014045e-03,-9.1900042157e-04,5.9362713943e-01
-7.277530,8.6966923001e-04,-6.9523466310e-04,5.9439919513e-01
-7.227530,5.9769149728e-04,-5.3792959264e-04,5.9594928086e-01
-7.177530,4.7013641142e-04,-4.6300541276e-04,5.9827128646e-01
-7.127530,4.6977012313e-04,-4.8189061071e-04,6.0136144626e-01
-7.077530,5.8403871433e-04,-6.0247736987e-04,6.0522550429e-01
-7.027530,8.0341039309e-04,-8.2842773243e-04,6.0986149620e-01
-6.977530,1.1168635981e-03,-1.1565322440e-03,6.1421164403e-01
-6.927530,1.5067645503e-03,-1.5730604082e-03,6.1149841390e-01
-6.877530,1.9454217469e-03,-2.0509707589e-03,6.0813848412e-01
-6.827530,2.3949882558e-03,-2.5499915061e-03,6.4190809029e-01
-6.777530,2.8112179446e-03,-3.0207892397e-03,7.0485852976e-01
-6.727530,3.1502272225e-03,-3.4129803416e-03,7.7342963644e-01
-6.677530,3.3763636212e-03,-3.6851875197e-03,8.4336874775e-01
-6.627530,3.4689133305e-03,-3.8143279035e-03,9.1468140432e-01
-6.577530,3.4257571864e-03,-3.8012349927e-03,1.0162914263e+00
-6.527530,3.2629848668e-03,-3.6706024635e-03,8.9201581302e-01
-6.477530,3.0105771291e-03,-3.4648268288e-03,7.8890407230e-01
-6.427530,2.7053036638e-03,-3.2331749679e-03,7.9751721534e-01
-6.377530,2.3827586381e-03,-3.0192834796e-03,8.0723611266e-01
-6.327530,2.0707482161e-03,-2.8507627851e-03,8.1458189934e-01
-6.277530,1.7858449424e-03,-2.7342077113e-03,8.1701463444e-01
-6.227530,1.5338229111e-03,-2.6571610171e-03,8.2621375350e-01
-6.177530,1.3132471614e-03,-2.5960692559e-03,8.4299183380e-01
-6.127530,1.1203613710e-03,-2.5270385328e-03,8.6284996605e-01
-6.077530,9.5317098202e-04,-2.4353006627e-03,9.2525885737e-01
-6.027530,8.1335119032e-04,-2.3202071734e-03,1.0050178506e+00
-5.977530,7.0584833864e-04,-2.1947960353e-03,9.4412643628e-01
-5.927530,6.3705457680e-04,-2.0813014604e-03,8.3575163371e-01
-5.877530,6.1271001217e-04,-2.0051639562e-03,7.9720882741e-01
-5.827530,6.3624993526e-04,-1.9896776355e-03,7.8744379944e-01
-5.777530,7.0764989210e-04,-2.0519778819e-03,7.7879418498e-01
-5.727530,8.2248388062e-04,-2.1998454489e-03,7.7126460156e-01
-5.677530,9.7112630044e-04,-2.4287424071e-03,7.6485590891e-01
-5.627530,1.1385475340e-03,-2.7195811556e-03,7.5955215342e-01
-5.577530,1.3054524789e-03,-3.0389485900e-03,7.5506898122e-01
-5.527530,1.4511920040e-03,-3.3436008454e-03,7.5090330537e-01
-5.477530,1.5579890935e-03,-3.5894804476e-03,7.4681963644e-01
-5.427530,1.6150811992e-03,-3.7429993903e-03,7.4281131043e-01
-5.377530,1.6210491935e-03,-3.7904499908e-03,7.3888279265e-01
-5.327530,1.5832246333e-03,-3.7415267743e-03,7.3502870182e-01
-5.277530,1.5143836982e-03,-3.6252549073e-03,7.3107572513e-01
-5.227530,1.4282084304e-03,-3.4799214595e-03,7.2541208949e-01
-5.177530,1.3354692359e-03,-3.3410701474e-03,7.1893341990e-01
-5.127530,1.2422935444e-03,-3.2319950524e-03,7.1367618334e-01
-5.077530,1.1506432935e-03,-3.1595250742e-03,7.1007294247e-01
-5.027530,1.0600261796e-03,-3.1154137965e-03,7.0812686376e-01
-4.977530,9.6914818476e-04,-3.0817042731e-03,7.0768034758e-01
-4.927530,8.7673638379e-04,-3.0376883734e-03,7.0560993409e-01
-4.877530,7.8161956841e-04,-2.9663061835e-03,7.0156334798e-01
-4.827530,6.8269939416e-04,-2.8584417195e-03,6.9929811426e-01
-4.777530,5.7935248312e-04,-2.7142248435e-03,6.9929284202e-01
-4.727530,4.7225925800e-04,-2.5412054679e-03,6.9969458050e-01
-4.677530,3.6414327853e-04,-2.3502297263e-03,6.9981433680e-01
-4.627530,2.5981643719e-04,-2.1507719844e-03,6.9956699760e-01
-4.577530,1.6529443834e-04,-1.9477999653e-03,6.9882746555e-01
-4.527530,8.6285373765e-05,-1.7415719986e-03,6.9752808630e-01
-4.477530,2.6702219181e-05,-1.5303004313e-03,6.9567121454e-01
-4.427530,-1.2177317498e-05,-1.3141658854e-03,6.9325445865e-01
-4.377530,-3.1616245233e-05,-1.0985856599e-03,6.9027501897e-01
-4.327530,-3.4525921661e-05,-8.9521782494e-04,6.8674253296e-01
-4.277530,-2.4211750307e-05,-7.2046453327e-04,6.8264995406e-01
-4.227530,-3.2671754351e-06,-5.9238715302e-04,6.7799429285e-01
-4.177530,2.6999909521e-05,-5.2734535232e-04,6.7278057919e-01
-4.127530,6.6458743643e-05,-5.3729274944e-04,6.6700820216e-01
-4.077530,1.1546135469e-04,-6.2796408366e-04,6.6067667998e-01
-4.027530,1.7384519792e-04,-7.9771248540e-04,6.5378099880e-01
-3.977530,2.4000292760e-04,-1.0367427839e-03,6.4632850809e-01
-3.927530,3.1035976492e-04,-1.3267994579e-03,6.3835467239e-01
-3.877530,3.7946174249e-04,-1.6416830960e-03,6.3002885338e-01
-3.827530,4.4067755099e-04,-1.9490436583e-03,6.2152264882e-01
-3.777530,4.8732468450e-04,-2.2136888288e-03,6.1288860395e-01
-3.727530,5.1391605943e-04,-2.4022455079e-03,6.0412929285e-01
-3.677530,5.1721560641e-04,-2.4885371265e-03,5.9528280863e-01
-3.627530,4.9686851020e-04,-2.4585945439e-03,5.8640264882e-01
-3.577530,4.5548563785e-04,-2.3139573921e-03,5.7750888556e-01
-3.527530,3.9817638280e-04,-2.0720599812e-03,5.6860500999e-01
-3.477530,3.3163102452e-04,-1.7631735564e-03,5.5968497403e-01
-3.427530,2.6295173665e-04,-1.4244678181e-03,5.5072893128e-01
-3.377530,1.9850021871e-04,-1.0928118366e-03,5.4063491312e-01
-3.327530,1.4303094313e-04,-7.9840739887e-04,5.2878636037e-01
-3.277530,9.9288337066e-05,-5.6094459949e-04,5.1445539752e-01
-3.227530,6.8087380886e-05,-3.8887966545e-04,4.9776514982e-01
-3.177530,4.8738540143e-05,-2.8122601844e-04,4.8026091672e-01
-3.127530,3.9593415781e-05,-2.3051327417e-04,4.6252765481e-01
-3.077530,3.8510388163e-05,-2.2557961484e-04,4.4456799640e-01
-3.027530,4.3144814202e-05,-2.5346851534e-04,4.2638081086e-01
-2.977530,5.1091376346e-05,-3.0047267923e-04,4.0791689972e-01
-2.927530,5.9981597883e-05,-3.5287244930e-04,3.8900137435e-01
-2.877530,6.7635202624e-05,-3.9793559356e-04,3.6966320016e-01
-2.827530,7.2293760589e-05,-4.2535505776e-04,3.5005857999e-01
-2.777530,7.2877189749e-05,-4.2879049010e-04,3.3021482621e-01
-2.727530,6.9152634888e-05,-4.0687677899e-04,3.1021736716e-01
-2.677530,6.1721319576e-05,-3.6315289027e-04,2.9244832002e-01
-2.627530,5.1802149075e-05,-3.0479097017e-04,2.7800914919e-01
-2.577530,4.0878503530e-05,-2.4051895303e-04,2.6491191770e-01
-2.527530,3.0328562336e-05,-1.7844572001e-04,2.5207403915e-01
-2.477530,2.1154507851e-05,-1.2446786379e-04,2.3936584898e-01
-2.427530,1.3871914170e-05,-8.1618893309e-05,2.2678352307e-01
-2.377530,8.5514843479e-06,-5.0314807267e-05,2.1432592289e-01
-2.327530,4.9557331506e-06,-2.9158301423e-05,2.0199170795e-01
-2.277530,2.6997612775e-06,-1.5884723954e-05,1.8994431482e-01
-2.227530,1.3825588532e-06,-8.1346324635e-06,1.7849346914e-01
-2.177530,6.6553744199e-07,-3.9158567959e-06,1.6778067918e-01
-2.127530,3.0114925454e-07,-1.7718873208e-06,1.5779999201e-01
-2.077530,1.2808593095e-07,-7.5362576397e-07,1.4854755493e-01
-2.027530,5.1206065738e-08,-3.0128375634e-07,1.4002418414e-01
-1.977530,1.9241187460e-08,-1.1321036191e-07,1.3212915701e-01
-1.927530,6.7955264676e-09,-3.9983187752e-08,1.2463764283e-01
-1.877530,2.2557221189e-09,-1.3272107971e-08,1.1742049341e-01
-1.827530,7.0373640446e-10,-4.1406099913e-09,1.1046842021e-01
-1.777530,2.0634182341e-10,-1.2140639737e-09,1.0378556133e-01
-1.727530,5.6860211102e-11,-3.3455134153e-10,9.7366564123e-02
-1.677530,1.4725328987e-11,-8.6640173708e-11,9.1187139433e-02
-1.627530,3.5838391864e-12,-2.1086418506e-11,8.5183822648e-02
-1.577530,8.1969236163e-13,-4.8228660062e-12,7.9300217739e-02
-1.527530,1.7618312020e-13,-1.0366176642e-12,7.3530842988e-02
-1.477530,3.5586164502e-14,-2.0938014199e-13,6.7871749551e-02
-1.427530,6.7545163876e-15,-3.9741894641e-14,6.2322401119e-02
-1.377530,1.2047488563e-15,-7.0884426610e-15,5.6887051538e-02
-1.327530,2.0192088379e-16,-1.1880522644e-15,5.1566588094e-02
-1.277530,3.1801085682e-17,-1.8710967953e-16,4.6361170361e-02
-1.227530,4.7062225187e-18,-2.7690242908e-17,4.1270679185e-02
-1.177530,6.5443549222e-19,-3.8505356844e-18,3.6289390731e-02
-1.127530,8.5510499268e-20,-5.0312251205e-19,3.1422614862e-02
-1.077530,1.0498441650e-20,-6.1770219806e-20,2.6666470941e-02
-1.027530,1.2110940505e-21,-7.1257762054e-21,2.2024362765e-02
-0.977530,1.3127245734e-22,-7.7237449276e-22,1.7568310028e-02
-0.927530,1.3369260421e-23,-7.8661403512e-23,1.3489268877e-02
-0.877530,1.2793068111e-24,-7.5271231301e-24,9.9528579988e-03
-0.827530,1.1501946419e-25,-6.7674601310e-25,7.0508090291e-03
-0.777530,9.7160440134e-27,-5.7168343099e-26,5.2692928486e-03
-0.727530,7.6975914065e-28,-4.5543533446e-27,4.4847403116e-03
-0.677530,3.6331399285e-29,-5.9970140497e-28,3.8941821450e-03
-0.627530,-2.9971268425e-28,-3.7732037565e-27,3.3435277667e-03
-0.577530,-4.0948729536e-27,-5.0553493321e-26,2.8373551738e-03
-0.527530,-5.1889037701e-26,-6.4053819146e-25,2.3764362765e-03
-0.477530,-6.1792320758e-25,-7.6278776318e-24,1.9554583583e-03
-0.427530,-6.9159825291e-24,-8.5373502192e-23,1.5743827407e-03
-0.377530,-7.2751706928e-23,-8.9807456636e-22,1.2331681982e-03
-0.327530,-7.1930305235e-22,-8.8793487342e-21,9.3185777067e-04
-0.277530,-6.6845121293e-21,-8.2516144092e-20,6.7503694827e-04
-0.227530,-5.8388385420e-20,-7.2076829714e-19,4.6353975230e-04
-0.177530,-4.7939348854e-19,-5.9178144062e-18,2.9192169397e-04
-0.127530,-3.6997875924e-18,-4.5671576352e-17,1.6020775070e-04
-0.077530,-2.6840500101e-17,-3.3132927745e-16,6.8404234072e-05
-0.027530,-1.8303905268e-16,-2.2595032447e-15,1.6498202157e-05
0.022470,-1.1734009941e-15,-1.4484905350e-14,0.0000000000e+00
0.072470,-7.0714558031e-15,-8.7292723044e-14,0.0000000000e+00
0.122470,-4.0062769018e-14,-4.9454996222e-13,0.0000000000e+00
0.172470,-2.1337954275e-13,-2.6340377211e-12,0.0000000000e+00
0.222470,-1.0684495858e-12,-1.3189345501e-11,0.0000000000e+00
0.272470,-5.0298409194e-12,-6.2090257305e-11,0.0000000000e+00
0.322470,-2.2261922355e-11,-2.7480958330e-10,0.0000000000e+00
0.372470,-9.2637789175e-11,-1.1435558814e-09,0.0000000000e+00
0.422470,-3.6244267071e-10,-4.4741293101e-09,0.0000000000e+00
0.472470,-1.3332885852e-09,-1.6458618204e-08,0.0000000000e+00
0.522470,-4.6115857123e-09,-5.6927156952e-08,0.0000000000e+00
0.572470,-1.4997702619e-08,-1.8513730942e-07,0.0000000000e+00
0.622470,-4.5862103944e-08,-5.6613914437e-07,0.0000000000e+00
0.672470,-1.3186933418e-07,-1.6278449003e-06,0.0000000000e+00
0.722470,-3.5653272475e-07,-4.4011747033e-06,0.0000000000e+00
0.772470,-9.0641097924e-07,-1.1189079698e-05,0.0000000000e+00
0.822470,-2.1668296653e-06,-2.6748164313e-05,0.0000000000e+00
0.872470,-4.8708095733e-06,-6.0127114174e-05,0.0000000000e+00
0.922470,-1.0295712397e-05,-1.2709416452e-04,0.0000000000e+00
0.972470,-2.0464061177e-05,-2.5261610271e-04,0.0000000000e+00
1.022470,-3.8247926809e-05,-4.7214685044e-04,0.0000000000e+00
1.072470,-6.7220894807e-05,-8.2980006688e-04,0.0000000000e+00
1.122470,-1.1109125348e-04,-1.3713521341e-03,0.0000000000e+00
1.172470,-1.7263656201e-04,-2.1310897804e-03,0.0000000000e+00
1.222470,-2.5226709517e-04,-3.1140757090e-03,0.0000000000e+00
1.272470,-3.4662572521e-04,-4.2788617898e-03,0.0000000000e+00
1.322470,-4.4784913234e-04,-5.5283594168e-03,0.0000000000e+00
1.372470,-5.4409627021e-04,-6.7163357668e-03,0.0000000000e+00
1.422470,-6.2159414128e-04,-7.6725968065e-03,0.0000000000e+00
1.472470,-6.6783986815e-04,-8.2423456549e-03,0.0000000000e+00
1.522470,-6.7500904426e-04,-8.3278854292e-03,0.0000000000e+00
1.572470,-6.4239443732e-04,-7.9179808665e-03,0.0000000000e+00
1.622470,-5.7702419691e-04,-7.0941456720e-03,0.0000000000e+00
1.672470,-4.9236556376e-04,-6.0124717169e-03,0.0000000000e+00
1.722470,-4.0581877164e-04,-4.8696504479e-03,0.0000000000e+00
1.772470,-3.3610878976e-04,-3.8672640010e-03,0.0000000000e+00
1.822470,-3.0147007715e-04,-3.1865581359e-03,0.0000000000e+00
1.872470,-3.1882181571e-04,-2.9781725355e-03,0.0000000000e+00
1.922470,-4.0335018676e-04,-3.3621774169e-03,0.0000000000e+00
1.972470,-5.6750045103e-04,-4.4281273343e-03,0.0000000000e+00
2.022470,-8.1860165051e-04,-6.2254697045e-03,0.0000000000e+00
2.072470,-1.1551545831e-03,-8.7411339009e-03,0.0000000000e+00
2.122470,-1.5628626306e-03,-1.1870381026e-02,0.0000000000e+00
2.172470,-2.0122654048e-03,-1.5394672865e-02,0.0000000000e+00
2.222470,-2.4598904377e-03,-1.8982556730e-02,0.0000000000e+00
2.272470,-2.8539839964e-03,-2.2224493960e-02,0.0000000000e+00
2.322470,-3.1443307251e-03,-2.4701241160e-02,0.0000000000e+00
2.372470,-3.2939823433e-03,-2.6071754042e-02,0.0000000000e+00
2.422470,-3.2895721581e-03,-2.6156176745e-02,0.0000000000e+00
2.472470,-3.1468097435e-03,-2.4987272733e-02,0.0000000000e+00
2.522470,-2.9088553110e-03,-2.2811661023e-02,0.0000000000e+00
2.572470,-2.6372616045e-03,-2.0038122862e-02,0.0000000000e+00
2.622470,-2.3974402205e-03,-1.7147945818e-02,0.0000000000e+00
2.672470,-2.2424732826e-03,-1.4594497175e-02,0.0000000000e+00
2.722470,-2.1999650989e-03,-1.2720979050e-02,0.0000000000e+00
2.772470,-2.2661363081e-03,-1.1716371720e-02,0.0000000000e+00
2.822470,-2.4094240927e-03,-1.1614388656e-02,0.0000000000e+00
2.872470,-2.5828048402e-03,-1.2325557838e-02,0.0000000000e+00
2.922470,-2.7407723240e-03,-1.3683925713e-02,0.0000000000e+00
2.972470,-2.8546943556e-03,-1.5489604282e-02,0.0000000000e+00
3.022470,-2.9203954883e-03,-1.7535085868e-02,0.0000000000e+00
3.072470,-2.9547227803e-03,-1.9613295861e-02,0.0000000000e+00
3.122470,-2.9826133012e-03,-2.1514591661e-02,0.0000000000e+00
3.172470,-3.0206444819e-03,-2.3024992463e-02,0.0000000000e+00
3.222470,-3.0648713997e-03,-2.3937007888e-02,0.0000000000e+00
3.272470,-3.0887865527e-03,-2.4077689869e-02,0.0000000000e+00
3.322470,-3.0523401914e-03,-2.3348443059e-02,0.0000000000e+00
3.372470,-2.9176499452e-03,-2.1762158681e-02,0.0000000000e+00
3.422470,-2.6640637923e-03,-1.9460243343e-02,0.0000000000e+00
3.472470,-2.2960165670e-03,-1.6697749964e-02,0.0000000000e+00
3.522470,-1.8409198428e-03,-1.3797417156e-02,0.0000000000e+00
3.572470,-1.3388845375e-03,-1.1087188009e-02,0.0000000000e+00
3.622470,-8.2905349893e-04,-8.8436877561e-03,0.0000000000e+00
3.672470,-3.3765870262e-04,-7.2618881595e-03,0.0000000000e+00
3.722470,1.2878562193e-04,-6.4595492217e-03,0.0000000000e+00
3.772470,5.8397208508e-04,-6.5092371162e-03,0.0000000000e+00
3.822470,1.0563316879e-03,-7.4776647370e-03,0.0000000000e+00
3.872470,1.5786807023e-03,-9.4473683453e-03,0.0000000000e+00
3.922470,2.1746751405e-03,-1.2501781364e-02,0.0000000000e+00
3.972470,2.8449700254e-03,-1.6670292283e-02,0.0000000000e+00
4.022470,3.5574930760e-03,-2.1849837128e-02,0.0000000000e+00
4.072470,4.2467458330e-03,-2.7736053652e-02,0.0000000000e+00
4.122470,4.8251283394e-03,-3.3801630770e-02,0.0000000000e+00
4.172470,5.2048033544e-03,-3.9347369148e-02,0.0000000000e+00
4.222470,5.3233914595e-03,-4.3625058807e-02,-4.2973431883e-04
4.272470,5.1638397072e-03,-4.6000930017e-02,-5.4227327208e-03
4.322470,4.7604062185e-03,-4.6108263334e-02,-1.8489404714e-02
4.372470,4.1885698841e-03,-4.3938237916e-02,-3.3106968245e-02
4.422470,3.5437846434e-03,-3.9839851887e-02,-4.7188409908e-02
4.472470,2.9183884481e-03,-3.4432674933e-02,-6.0736252497e-02
4.522470,2.3853382407e-03,-2.8465043939e-02,-7.3742141430e-02
4.572470,1.9926000261e-03,-2.2663100926e-02,-8.6215136809e-02
4.622470,1.7662372708e-03,-1.7610040596e-02,-9.8152073512e-02
4.672470,1.7169274666e-03,-1.3676648474e-02,-1.0955856572e-01
4.722470,1.8452246989e-03,-1.1004449432e-02,-1.2042635238e-01
4.772470,2.1442129880e-03,-9.5300353584e-03,-1.3075477531e-01
4.822470,2.6015797042e-03,-9.0357177371e-03,-1.4054721135e-01
4.872470,3.2041853478e-03,-9.2142012132e-03,-1.4980897723e-01
4.922470,3.9462054519e-03,-9.7381621788e-03,-1.5853149191e-01
4.972470,4.8381997978e-03,-1.0326165668e-02,-1.6671482821e-01
5.022470,5.9116430717e-03,-1.0794849863e-02,-1.7446420495e-01
5.072470,7.2139330507e-03,-1.1086952915e-02,-1.8252642030e-01
5.122470,8.7932233143e-03,-1.1268378919e-02,-1.9151001598e-01
5.172470,1.0678428629e-02,-1.1495171820e-02,-2.0029893728e-01
5.222470,1.2863304769e-02,-1.1960188465e-02,-2.0921977627e-01
5.272470,1.5301121369e-02,-1.2835648497e-02,-2.1895713144e-01
5.322470,1.7908356388e-02,-1.4228977685e-02,-2.2887826243e-01
5.372470,2.0567235375e-02,-1.6164924032e-02,-2.3877871754e-01
5.422470,2.3115454661e-02,-1.8597982130e-02,-2.4865743708e-01
5.472470,2.5321467920e-02,-2.1447986750e-02,-2.5850935477e-01
5.522470,2.6861363552e-02,-2.4641633865e-02,-2.6834070901e-01
5.572470,2.7326611560e-02,-2.8137864994e-02,-2.7814827407e-01
5.622470,2.6287893083e-02,-3.1919364905e-02,-2.8793652817e-01
5.672470,2.3415079252e-02,-3.5946859240e-02,-2.9803548941e-01
5.722470,1.8617950094e-02,-4.0093297331e-02,-3.0930674655e-01
5.772470,1.2147111122e-02,-4.4092179904e-02,-3.2168072313e-01
5.822470,4.5978189999e-03,-4.7537633522e-02,-3.3414401918e-01
5.872470,-3.2056740548e-03,-4.9957285046e-02,-3.4667322413e-01
5.922470,-1.0415965674e-02,-5.0946226472e-02,-3.5929352906e-01
5.972470,-1.6386038987e-02,-5.0315487540e-02,-3.7201751099e-01
6.022470,-2.0825232584e-02,-4.8190264196e-02,-3.8481011187e-01
6.072470,-2.3827363571e-02,-4.5004978434e-02,-3.9757029964e-01
6.122470,-2.5762681780e-02,-4.1382761517e-02,-4.1014556022e-01
6.172470,-2.7081051559e-02,-3.7938618753e-02,-4.2281084499e-01
6.222470,-2.8108504684e-02,-3.5082735275e-02,-4.3585404714e-01
6.272470,-2.8918050520e-02,-3.2903320912e-02,-4.4926636237e-01
6.322470,-2.9319734374e-02,-3.1174462987e-02,-4.6304697224e-01
6.372470,-2.8961558876e-02,-2.9480100509e-02,-4.7719544946e-01
6.422470,-2.7487058340e-02,-2.7397106055e-02,-4.9171502996e-01
6.472470,-2.4677939347e-02,-2.4661115587e-02,-5.0659997603e-01
6.522470,-2.0527577129e-02,-2.1255021478e-02,-5.2184842589e-01
6.572470,-1.5231770720e-02,-1.7400486687e-02,-5.3747527167e-01
6.622470,-9.1240293073e-03,-1.3475165555e-02,-5.5291486616e-01
6.672470,-2.6021911216e-03,-9.9022036585e-03,-5.6653016577e-01
6.722470,3.9168203842e-03,-7.0561853503e-03,-5.7855328006e-01
6.772470,1.0007539458e-02,-5.2080501570e-03,-5.9110962845e-01
6.822470,1.5235225585e-02,-4.5063397794e-03,-6.0420468238e-01
6.872470,1.9177889780e-02,-4.9777277868e-03,-6.1784043938e-01
6.922470,2.1489883618e-02,-6.5312550751e-03,-6.3202628246e-01
6.972470,2.1994483932e-02,-8.9628451557e-03,-6.4703412705e-01
7.022470,2.0765143436e-02,-1.1968812493e-02,-6.6408513983e-01
7.072470,1.8148772163e-02,-1.5180209428e-02,-6.8515272019e-01
7.122470,1.4704781954e-02,-1.8221906466e-02,-7.1192801838e-01
7.172470,1.1070156244e-02,-2.0786694798e-02,-7.4482171394e-01
7.222470,7.7937640094e-03,-2.2704342901e-02,-7.8312176189e-01
7.272470,5.1956200189e-03,-2.3984764049e-02,-8.2543875175e-01
7.322470,3.2945948592e-03,-2.4822881642e-02,-8.6962055134e-01
7.372470,1.8208860568e-03,-2.5564079215e-02,-9.1508305434e-01
7.422470,3.0304148732e-04,-2.6636353978e-02,-9.6181251298e-01
7.472470,-1.7958661512e-03,-2.8456842962e-02,-1.0098089834e+00
7.522470,-4.9223541871e-03,-3.1321327674e-02,-1.0590748702e+00
7.572470,-9.2868227093e-03,-3.5292270688e-02,-1.1096149301e+00
7.622470,-1.4760405879e-02,-4.0114216943e-02,-1.1614245346e+00
7.672470,-2.0848156802e-02,-4.5195540428e-02,-1.2143433972e+00
7.722470,-2.6762830992e-02,-4.9688731241e-02,-1.2623953855e+00
7.772470,-3.1596636994e-02,-5.2671180527e-02,-1.2906928306e+00
7.822470,-3.4550350333e-02,-5.3384303587e-02,-1.3042553516e+00
7.872470,-3.5149134317e-02,-5.1454107117e-02,-1.3092211364e+00
7.922470,-3.3372473210e-02,-4.7013947016e-02,-1.3055994247e+00
7.972470,-2.9658150996e-02,-4.0686606472e-02,-1.2933881342e+00
8.022470,-2.4792771529e-02,-3.3441167086e-02,-1.2725515119e+00
8.072470,-1.9745954692e-02,-2.6389463899e-02,-1.2793509569e+00
8.122470,-1.5517492441e-02,-2.0600788421e-02,-1.3040153576e+00
8.172470,-1.3040349293e-02,-1.6985997631e-02,-1.1138593668e+00
8.222470,-1.3133622848e-02,-1.6250868032e-02,-1.0506367106e+00
8.272470,-1.6457807437e-02,-1.8873834595e-02,-9.0544205353e-01
8.322470,-2.3416660666e-02,-2.5051623609e-02,-6.8371310427e-01
8.372470,-3.3985312141e-02,-3.4586343178e-02,-4.5952493807e-01
8.422470,-4.7508621324e-02,-4.6745065765e-02,-3.8412851208e-01
8.472470,-6.2572776022e-02,-6.0176047939e-02,-3.8155505993e-01
8.522470,-7.7067549008e-02,-7.2979737364e-02,-4.1211704355e-01
8.572470,-8.8504627044e-02,-8.2988973852e-02,-4.4828212745e-01
8.622470,-9.4552111995e-02,-8.8223269358e-02,-4.8674167765e-01
8.672470,-9.3634619722e-02,-8.7388547291e-02,-5.2621070715e-01
8.722470,-8.5391965656e-02,-8.0247623604e-02,-5.6250759089e-01
8.772470,-7.0823430347e-02,-6.7718724263e-02,-5.9604441870e-01
8.822470,-5.2057972225e-02,-5.1658810645e-02,-6.3097402636e-01
8.872470,-3.1830275066e-02,-3.4408059307e-02,-6.6635319017e-01
8.922470,-1.2844204655e-02,-1.8255332484e-02,-7.0220440471e-01
8.972470,2.7701207139e-03,-4.9986712867e-03,-7.3851451658e-01
9.022470,1.3750397044e-02,4.2762372275e-03,-7.7528186339e-01
9.072470,1.9686851312e-02,9.1617454190e-03,-8.1247498602e-01
9.122470,2.0737402610e-02,9.6835528016e-03,-8.4987913304e-01
9.172470,1.7192243610e-02,5.9503123647e-03,-8.8701640831e-01
9.222470,9.0527996850e-03,-2.1690232190e-03,-9.2375304773e-01
9.272470,-4.2029229942e-03,-1.5207616221e-02,-9.6008880543e-01
9.322470,-2.3535469479e-02,-3.4003200701e-02,-9.9603686177e-01
9.372470,-4.9897503301e-02,-5.9311279041e-02,-1.0315802038e+00
9.422470,-8.3519947927e-02,-9.1206387806e-02,-1.0667308508e+00
9.472470,-1.2317096437e-01,-1.2846754321e-01,-1.1014806752e+00
9.522470,-1.6571932416e-01,-1.6822284945e-01,-1.1358426848e+00
9.572470,-2.0629985974e-01,-2.0610536862e-01,-1.1697984661e+00
9.622470,-2.3918948974e-01,-2.3701652664e-01,-1.2077889353e+00
9.672470,-2.5920854017e-01,-2.5634307146e-01,-1.3178863104e+00
9.722470,-2.6319357798e-01,-2.6123958703e-01,-1.5862255913e+00
9.772470,-2.5099306232e-01,-2.5150192365e-01,-1.6092690993e+00
9.822470,-2.2559096123e-01,-2.2968691123e-01,-1.5033036836e+00
9.872470,-1.9230789447e-01,-2.0043175863e-01,-1.4700212345e+00
9.922470,-1.5739487311e-01,-1.6924398842e-01,-1.4268076508e+00
9.972470,-1.2653870291e-01,-1.4120859418e-01,-1.3534239784e+00
10.022470,-1.0375422857e-01,-1.2001835763e-01,-1.2704501958e+00
10.072470,-9.0901874362e-02,-1.0752710591e-01,-1.1904907531e+00
10.122470,-8.7789181153e-02,-1.0378806934e-01,-1.1149795845e+00
10.172470,-9.2636898403e-02,-1.0739618319e-01,-1.0455216497e+00
10.222470,-1.0267111995e-01,-1.1594876102e-01,-9.8602906512e-01
10.272470,-1.1469841037e-01,-1.2652661861e-01,-9.3855326009e-01
10.322470,-1.2563418852e-01,-1.3618790197e-01,-9.0338555334e-01
10.372470,-1.3300785840e-01,-1.4249331157e-01,-8.8030580387e-01
10.422470,-1.3544496037e-01,-1.4403862887e-01,-8.6638915901e-01
10.472470,-1.3306560011e-01,-1.4090332653e-01,-8.5289129844e-01
10.522470,-1.2769230795e-01,-1.3488553832e-01,-8.3517636236e-01
10.572470,-1.2275723474e-01,-1.2940672715e-01,-8.0941645896e-01
10.622470,-1.2283359756e-01,-1.2902144546e-01,-7.8329719936e-01
10.672470,-1.3277518099e-01,-1.3853644898e-01,-7.6850892529e-01
10.722470,-1.5653125678e-01,-1.6182536333e-01,-7.5406618458e-01
10.772470,-1.9582458973e-01,-2.0053306543e-01,-7.3995315159e-01
10.822470,-2.4902548925e-01,-2.5299243897e-01,-7.2617103276e-01
10.872470,-3.1065764598e-01,-3.1376672678e-01,-7.1271762885e-01
10.922470,-3.7192483357e-01,-3.7418361650e-01,-6.9959988214e-01
10.972470,-4.2238014262e-01,-4.2397219185e-01,-6.8680531057e-01
11.022470,-4.5242146230e-01,-4.5369487403e-01,-6.7434974431e-01
11.072470,-4.5587851918e-01,-4.5726332709e-01,-6.6222304834e-01
11.122470,-4.3179680708e-01,-4.3367106633e-01,-6.5043210947e-01
11.172470,-3.8475495030e-01,-3.8729834549e-01,-6.3896588975e-01
11.222470,-3.2359436816e-01,-3.2667296448e-01,-6.2785023572e-01
11.272470,-2.5903279520e-01,-2.6215090694e-01,-6.1708523971e-01
11.322470,-2.0099269134e-01,-2.0333314998e-01,-6.0668303775e-01
11.372470,-1.5646539544e-01,-1.5702130059e-01,-5.9659978026e-01
11.422470,-1.2842270199e-01,-1.2620247191e-01,-5.8677093488e-01
11.472470,-1.1587711617e-01,-1.1014144581e-01,-5.7718314023e-01
11.522470,-1.1486367504e-01,-1.0533410012e-01,-5.6784342720e-01
11.572470,-1.1994679457e-01,-1.0692172665e-01,-5.5874432881e-01
11.622470,-1.2582275370e-01,-1.1015654752e-01,-5.4988471035e-01
11.672470,-1.2863840979e-01,-1.1158016194e-01,-5.6266543947e-01
11.722470,-1.2674857765e-01,-1.0968494662e-01,-6.4373024565e-01
11.772470,-1.2078137000e-01,-1.0496060488e-01,-5.0143505394e-01
11.822470,-1.1305861510e-01,-9.9375846169e-02,-4.9418567319e-01
11.872470,-1.0658665374e-01,-9.5482808869e-02,-4.8442385937e-01
11.922470,-1.0393859105e-01,-9.5421262682e-02,-4.7215698422e-01
11.972470,-1.0635843773e-01,-1.0011285253e-01,-4.5738016181e-01
12.022470,-1.1333274725e-01,-1.0886983890e-01,-4.4009691171e-01
12.072470,-1.2272761377e-01,-1.1951773985e-01,-4.2030820216e-01
12.122470,-1.3142071656e-01,-1.2897908137e-01,-3.9985521869e-01
12.172470,-1.3621254267e-01,-1.3412500453e-01,-3.9019248102e-01
12.222470,-1.3471919486e-01,-1.3261621996e-01,-3.9333894527e-01
12.272470,-1.2596340401e-01,-1.2346206999e-01,-3.9670346384e-01
12.322470,-1.1049537635e-01,-1.0713530127e-01,-4.1412816657e-01
12.372470,-9.0052823049e-02,-8.5253519691e-02,-5.2333185378e-01
12.422470,-6.6936441242e-02,-6.0001096636e-02,-6.7536191770e-01
12.472470,-4.3359650351e-02,-3.3541897332e-02,-7.8499661207e-01
12.522470,-2.0997719077e-02,-7.6318015131e-03,-8.5224957260e-01
12.572470,-8.3948343158e-04,1.6488276734e-02,-8.7724888933e-01
12.622470,1.6696828084e-02,3.7979584011e-02,-8.6613268877e-01
12.672470,3.1516108374e-02,5.6217005421e-02,-8.9183178586e-01
12.722470,4.3614472291e-02,7.0664112187e-02,-1.1846532994e+00
12.772470,5.2958699226e-02,8.0878596757e-02,-1.5665811886e+00
12.822470,5.9494928292e-02,8.6625247719e-02,-1.9068115521e+00
12.872470,6.3240988058e-02,8.8014788156e-02,-1.9867625764e+00
12.922470,6.4390151608e-02,8.5580682492e-02,-1.8814910987e+00
12.972470,6.3364696870e-02,8.0243481085e-02,-1.7847922613e+00
13.022470,6.0790383640e-02,7.3166026590e-02,-1.7075891450e+00
13.072470,5.7398806755e-02,6.5545215126e-02,-1.6515055562e+00
13.122470,5.3889698989e-02,5.8402290127e-02,-1.6163517859e+00
13.172470,5.0794713521e-02,5.2425063180e-02,-1.5789775390e+00
13.222470,4.8380315756e-02,4.7893130913e-02,-1.5357457970e+00
13.272470,4.6615148485e-02,4.4693022256e-02,-1.4978627941e+00
13.322470,4.5210598572e-02,4.2410911448e-02,-1.4604039473e+00
13.372470,4.3724774919e-02,4.0477083424e-02,-1.4232776668e+00
13.422470,4.1702618739e-02,3.8327791533e-02,-1.3864894327e+00
13.472470,3.8813200059e-02,3.5547098853e-02,-1.3500312223e+00
13.522470,3.4944755980e-02,3.1956125361e-02,-1.3372970855e+00
13.572470,3.0231037141e-02,2.7631186298e-02,-1.4755106832e+00
13.622470,2.5005515543e-02,2.2852945547e-02,-1.3425095645e+00
13.672470,1.9704116763e-02,1.8009031068e-02,-1.3466806930e+00
13.722470,1.4752375175e-02,1.3484571392e-02,-1.2416114303e+00
13.772470,1.0473396668e-02,9.5741352137e-03,-1.3230675949e+00
13.822470,7.0399857344e-03,6.4359148265e-03,-1.4407110627e+00
13.872470,4.4749984717e-03,4.0911751364e-03,-1.5789494048e+00
13.922470,2.6873810172e-03,2.4569339328e-03,-1.7342095006e+00
13.972470,1.5234667933e-03,1.3928390452e-03,-1.8935538833e+00
14.022470,8.1472839798e-04,7.4487002834e-04,-2.0407706233e+00
14.072470,4.1079355367e-04,3.7556398396e-04,-2.1746180827e+00
14.122470,1.9519452583e-04,1.7843511228e-04,-2.2948991091e+00
14.172470,8.7390427826e-05,7.9822439012e-05,-2.3535502477e+00
14.222470,3.6916553814e-05,3.3510992501e-05,-1.9698073392e+00
14.272470,1.4907780952e-05,1.2896863178e-05,-1.7151367865e+00
14.322470,6.3184734703e-06,3.6709366510e-06,-1.6259677946e+00
14.372470,4.2536772024e-06,-1.8039841387e-06,-1.5365019477e+00
14.422470,6.5764187002e-06,-8.4604329534e-06,-1.4675733473e+00
14.472470,1.4404527339e-05,-2.1429006953e-05,-1.3999742070e+00
14.522470,3.1995030104e-05,-4.8522042378e-05,-1.3336977867e+00
14.572470,6.7523963783e-05,-1.0266056099e-04,-1.2687390531e+00
14.622470,1.3418527565e-04,-2.0407614684e-04,-1.2051081785e+00
14.672470,2.5078953610e-04,-3.8143032512e-04,-1.1428150639e+00
14.722470,4.4076211126e-04,-6.7036674034e-04,-1.0818456752e+00
14.772470,7.2841603831e-04,-1.1078680204e-03,-1.0221939233e+00
14.822470,1.1319624277e-03,-1.7216331369e-03,-9.6387777312e-01
14.872470,1.6540888207e-03,-2.5157503204e-03,-9.0703316420e-01
14.922470,2.2727741443e-03,-3.4567287960e-03,-8.5207344387e-01
14.972470,2.9364312141e-03,-4.4661142162e-03,-7.9912888134e-01
15.022470,3.5673341545e-03,-5.4257119904e-03,-7.4819946275e-01
15.072470,4.0749330802e-03,-6.1978698325e-03,-6.9928463843e-01
15.122470,4.3766077926e-03,-6.6571329807e-03,-6.5238443268e-01
15.172470,4.4194724490e-03,-6.7236446840e-03,-6.0749010987e-01
15.222470,4.1952460673e-03,-6.3863379756e-03,-5.6461150989e-01
15.272470,3.7422045713e-03,-5.7071858996e-03,-5.2375473432e-01
15.322470,3.1331269974e-03,-4.8054808887e-03,-4.8490481822e-01
15.372470,2.4535431154e-03,-3.8295828203e-03,-4.4806138634e-01
15.422470,1.7778275927e-03,-2.9285639284e-03,-4.1331381066e-01
15.472470,1.1504867320e-03,-2.2353548654e-03,-4.1014064323e-01
15.522470,5.7709665902e-04,-1.8670227890e-03,-7.9143142629e-01
15.572470,2.5812710878e-05,-1.9395326709e-03,-4.9328158210e-01
15.622470,-5.6201667873e-04,-2.5870043121e-03,-2.1045230677e-01
15.672470,-1.2544209201e-03,-3.9714492812e-03,-2.0393373552e-01
15.722470,-2.1071061289e-03,-6.2696151446e-03,-2.0106578905e-01
15.772470,-3.1410298118e-03,-9.6296259657e-03,-1.9852264083e-01
15.822470,-4.3248303497e-03,-1.4101489017e-02,-1.9714886759e-01
15.872470,-5.5693479855e-03,-1.9560065971e-02,-2.1249528766e-01
15.922470,-6.7404077732e-03,-2.5651427549e-02,-2.3367961446e-01
15.972470,-7.6907538596e-03,-3.1796005781e-02,-2.3972141602e-01
16.022470,-8.3036276361e-03,-3.7268629172e-02,-2.3064359968e-01
16.072470,-8.5328769487e-03,-4.1347233860e-02,-2.0675718338e-01
16.122470,-8.4224759161e-03,-4.3489234276e-02,-1.8008664403e-01
16.172470,-8.0945343356e-03,-4.3473946070e-02,-2.5417749950e-01
16.222470,-7.7074967520e-03,-4.1455027307e-02,-2.3062826009e-01
16.272470,-7.3995273705e-03,-3.7900073830e-02,-5.6700251697e-02
16.322470,-7.2393700285e-03,-3.3440945901e-02,0.0000000000e+00
16.372470,-7.2044022764e-03,-2.8694885078e-02,0.0000000000e+00
16.422470,-7.1942555843e-03,-2.4124326688e-02,0.0000000000e+00
16.472470,-7.0736179620e-03,-1.9979679960e-02,0.0000000000e+00
16.522470,-6.7264546051e-03,-1.6328576784e-02,0.0000000000e+00
16.572470,-6.1007101196e-03,-1.3139326853e-02,0.0000000000e+00
16.622470,-5.2283131848e-03,-1.0372057843e-02,0.0000000000e+00
16.672470,-4.2165648121e-03,-8.0405784348e-03,0.0000000000e+00
16.722470,-3.2181592978e-03,-6.2307113457e-03,0.0000000000e+00
16.772470,-2.3933404586e-03,-5.0818138192e-03,0.0000000000e+00
16.822470,-1.8773551722e-03,-4.7479550173e-03,0.0000000000e+00
16.872470,-1.7614188899e-03,-5.3540801032e-03,0.0000000000e+00
16.922470,-2.0899083108e-03,-6.9579060972e-03,0.0000000000e+00
16.972470,-2.8737668136e-03,-9.5277485814e-03,0.0000000000e+00
17.022470,-4.1203819683e-03,-1.2950921901e-02,0.0000000000e+00
17.072470,-5.8802191780e-03,-1.7089487865e-02,0.0000000000e+00
17.122470,-8.3056875161e-03,-2.1889223538e-02,0.0000000000e+00
17.172470,-1.1706050618e-02,-2.7518878233e-02,0.0000000000e+00
17.222470,-1.6567638460e-02,-3.4479178785e-02,0.0000000000e+00
17.272470,-2.3501285431e-02,-4.3597679784e-02,0.0000000000e+00
17.322470,-3.3090400310e-02,-5.5842102595e-02,0.0000000000e+00
17.372470,-4.5648210713e-02,-7.1951100454e-02,0.0000000000e+00
17.422470,-6.0942628420e-02,-9.1977592400e-02,0.0000000000e+00
17.472470,-7.7989212968e-02,-1.1491927119e-01,0.0000000000e+00
17.522470,-9.5020145694e-02,-1.3862274920e-01,0.0000000000e+00
17.572470,-1.0969487671e-01,-1.6006850235e-01,0.0000000000e+00
17.622470,-1.1953527233e-01,-1.7599758589e-01,0.0000000000e+00
17.672470,-1.2247791934e-01,-1.8369372078e-01,0.0000000000e+00
17.722470,-1.1738088228e-01,-1.8165957222e-01,0.0000000000e+00
17.772470,-1.0432981198e-01,-1.6996389482e-01,0.0000000000e+00
17.822470,-8.4656486794e-02,-1.5016868015e-01,0.0000000000e+00
17.872470,-6.0679630012e-02,-1.2490602030e-01,0.0000000000e+00
17.922470,-3.5259811200e-02,-9.7286319134e-02,0.0000000000e+00
17.972470,-1.1296455527e-02,-7.0338223964e-02,0.0000000000e+00
18.022470,8.7188345704e-03,-4.6614371332e-02,0.0000000000e+00
